weight0,weight4,predictWeight,label1_2_3
83.6, ,78.4, ,79.21, ,2
67.4, ,65.6, ,64.45, ,2
92.2, ,86.5, ,87.34, ,2
69.9, ,66.3, ,66.88, ,2
45.0, ,44.0, ,43.32, ,2
70.0, ,65.0, ,66.84, ,1
66.5, ,60.0, ,63.49, ,1
56.3, ,54.2, ,54.06, ,2
68.0, ,64.8, ,65.01, ,2
65.6, ,62.2, ,62.76, ,2
75.2, ,73.4, ,71.69, ,3
96.1, ,88.6, ,90.98, ,1
72.0, ,70.0, ,68.66, ,3
65.5, ,62.8, ,62.58, ,2
70.0, ,68.0, ,66.7, ,3
59.0, ,56.7, ,56.3, ,2
72.5, ,69.3, ,69.13, ,2
62.1, ,59.4, ,59.47, ,2
70.0, ,66.8, ,66.61, ,2
55.3, ,53.5, ,53.18, ,2
70.0, ,67.2, ,66.58, ,2
51.0, ,49.6, ,49.03, ,2
56.0, ,53.6, ,53.75, ,2
56.0, ,54.0, ,53.7, ,2
54.0, ,53.0, ,51.88, ,2
74.0, ,70.5, ,70.26, ,2
60.5, ,57.8, ,57.74, ,2
58.2, ,56.8, ,55.7, ,2
58.3, ,55.8, ,55.89, ,2
61.4, ,60.2, ,58.77, ,3
58.0, ,56.3, ,55.65, ,2
75.4, ,73.4, ,71.72, ,3
71.2, ,69.8, ,67.7, ,3
62.4, ,60.0, ,59.63, ,2
55.4, ,53.3, ,53.13, ,2
52.0, ,51.8, ,49.97, ,3
61.0, ,59.3, ,58.43, ,2
71.5, ,69.0, ,68.23, ,2
61.9, ,58.7, ,59.13, ,2
58.0, ,57.0, ,55.67, ,3
73.0, ,71.0, ,69.17, ,3
66.7, ,64.0, ,63.77, ,2
83.0, ,74.0, ,78.52, ,1
60.0, ,57.0, ,57.35, ,2
79.7, ,75.1, ,75.64, ,2
68.4, ,65.8, ,64.99, ,2
72.6, ,71.0, ,69.34, ,3
93.5, ,89.5, ,88.5, ,2
68.0, ,66.0, ,64.83, ,2
74.5, ,69.8, ,70.74, ,2
54.5, ,52.6, ,52.29, ,2
63.5, ,60.1, ,60.68, ,2
58.0, ,55.8, ,55.65, ,2
54.7, ,52.1, ,52.43, ,2
56.5, ,53.9, ,54.15, ,2
51.2, ,51.0, ,49.31, ,3
55.8, ,54.6, ,53.36, ,3
51.0, ,49.8, ,49.0, ,2
58.0, ,55.8, ,55.52, ,2
54.5, ,51.6, ,52.39, ,2
77.7, ,72.9, ,73.63, ,2
47.3, ,45.2, ,45.59, ,2
54.0, ,52.0, ,51.88, ,2
69.3, ,67.4, ,65.93, ,3
53.1, ,52.0, ,51.01, ,2
86.0, ,80.0, ,81.44, ,1
66.5, ,63.3, ,63.53, ,2
47.5, ,47.0, ,45.66, ,3
72.0, ,68.0, ,68.31, ,2
62.3, ,57.1, ,59.83, ,1
79.0, ,76.9, ,75.14, ,3
64.0, ,61.0, ,61.09, ,2
66.0, ,63.5, ,63.15, ,2
60.3, ,55.6, ,57.69, ,1
74.0, ,69.8, ,70.19, ,2
54.0, ,52.3, ,51.93, ,2
57.2, ,53.5, ,54.81, ,1
56.2, ,54.5, ,53.76, ,2
57.6, ,56.4, ,55.22, ,2
62.3, ,59.7, ,59.49, ,2
72.0, ,69.8, ,68.58, ,3
69.5, ,65.0, ,66.14, ,2
57.1, ,54.8, ,54.93, ,2
60.5, ,58.4, ,57.8, ,2
58.0, ,56.8, ,55.49, ,3
70.8, ,63.9, ,67.35, ,1
55.0, ,52.6, ,52.63, ,2
61.0, ,57.5, ,58.43, ,2
52.2, ,49.9, ,50.15, ,2
65.9, ,63.4, ,62.97, ,2
68.5, ,66.6, ,65.41, ,2
59.0, ,53.9, ,56.49, ,1
82.2, ,77.8, ,77.9, ,2
52.7, ,50.7, ,50.62, ,2
51.3, ,48.8, ,49.33, ,2
52.5, ,51.5, ,50.52, ,2
63.0, ,59.0, ,60.1, ,2
60.9, ,57.8, ,58.32, ,2
58.0, ,57.2, ,55.49, ,3
56.5, ,55.0, ,54.14, ,2
72.0, ,69.0, ,68.32, ,2
89.0, ,83.5, ,84.29, ,2
80.8, ,75.5, ,76.56, ,2
63.9, ,60.2, ,60.83, ,2
62.0, ,54.0, ,59.49, ,1
60.8, ,58.0, ,58.29, ,2
50.4, ,48.2, ,48.39, ,2
49.3, ,48.7, ,47.42, ,3
53.6, ,51.2, ,51.56, ,2
54.5, ,53.5, ,52.25, ,3
65.0, ,62.0, ,62.07, ,2
47.4, ,45.8, ,45.6, ,2
54.0, ,51.6, ,51.79, ,2
53.7, ,52.0, ,51.45, ,2
60.2, ,57.3, ,57.64, ,2
72.0, ,67.0, ,68.27, ,1
81.0, ,73.0, ,76.61, ,1
66.5, ,63.8, ,63.71, ,2
62.5, ,57.9, ,59.88, ,1
74.0, ,69.0, ,70.24, ,1
65.3, ,61.1, ,62.38, ,1
76.7, ,74.3, ,72.63, ,3
63.0, ,60.0, ,60.07, ,2
69.5, ,65.7, ,66.27, ,2
81.7, ,80.0, ,77.56, ,3
64.5, ,59.5, ,61.57, ,1
54.2, ,52.1, ,52.07, ,2
82.0, ,78.1, ,77.69, ,2
66.7, ,65.0, ,63.59, ,3
84.0, ,79.0, ,79.58, ,2
64.0, ,63.5, ,61.15, ,3
71.0, ,69.9, ,67.78, ,3
63.0, ,58.9, ,60.23, ,1
52.8, ,50.4, ,50.77, ,2
54.9, ,53.0, ,52.78, ,2
55.4, ,53.1, ,53.25, ,2
74.6, ,71.5, ,70.93, ,2
89.5, ,82.5, ,84.81, ,1
72.0, ,68.1, ,68.56, ,2
73.6, ,71.0, ,70.14, ,2
69.0, ,63.1, ,65.71, ,1
48.0, ,46.2, ,46.22, ,2
86.1, ,80.0, ,81.62, ,1
88.2, ,81.6, ,83.53, ,1
74.5, ,70.0, ,70.67, ,2
60.5, ,58.8, ,58.02, ,2
75.0, ,71.5, ,71.32, ,2
59.3, ,56.4, ,56.67, ,2
86.2, ,79.8, ,81.62, ,1
69.0, ,66.0, ,65.76, ,2
61.3, ,57.7, ,58.73, ,2
66.0, ,61.7, ,62.89, ,2
68.7, ,64.5, ,65.79, ,1
70.0, ,66.7, ,66.84, ,2
86.0, ,82.0, ,81.41, ,2
70.7, ,66.8, ,67.33, ,2
95.0, ,91.0, ,89.87, ,2
66.5, ,63.0, ,63.35, ,2
54.4, ,52.4, ,52.36, ,2
58.5, ,56.4, ,56.03, ,2
79.0, ,72.4, ,74.77, ,1
60.2, ,57.1, ,57.51, ,2
65.0, ,62.7, ,61.98, ,2
63.5, ,61.0, ,60.81, ,2
75.5, ,72.9, ,71.55, ,3
63.3, ,60.5, ,60.49, ,2
50.0, ,48.3, ,48.11, ,2
69.0, ,66.2, ,65.85, ,2
83.0, ,77.3, ,78.95, ,1
58.4, ,56.0, ,55.86, ,2
61.7, ,57.4, ,59.11, ,1
71.0, ,68.0, ,67.49, ,2
51.7, ,49.9, ,49.78, ,2
62.5, ,61.5, ,59.75, ,3
54.5, ,51.8, ,52.27, ,2
81.7, ,78.0, ,77.52, ,2
55.0, ,52.0, ,52.78, ,2
52.9, ,49.6, ,50.89, ,1
62.5, ,60.0, ,59.71, ,2
55.9, ,53.3, ,53.67, ,2
58.6, ,55.0, ,56.09, ,2
79.4, ,73.7, ,75.27, ,1
63.0, ,58.3, ,60.21, ,1
49.0, ,48.1, ,47.18, ,2
60.5, ,58.0, ,58.0, ,2
58.8, ,56.4, ,56.18, ,2
48.8, ,46.3, ,46.85, ,2
54.0, ,52.3, ,51.85, ,2
50.0, ,47.5, ,48.03, ,2
68.5, ,65.6, ,65.06, ,2
71.0, ,68.5, ,67.46, ,2
54.0, ,52.8, ,51.88, ,2
52.5, ,50.5, ,50.38, ,2
51.0, ,49.9, ,49.0, ,2
66.1, ,62.8, ,63.24, ,2
50.0, ,49.5, ,48.01, ,3
61.4, ,59.0, ,58.68, ,2
52.5, ,49.5, ,50.45, ,2
56.0, ,52.6, ,53.63, ,2
61.7, ,58.8, ,59.05, ,2
95.0, ,88.0, ,89.87, ,1
45.0, ,43.0, ,43.35, ,2
82.5, ,78.0, ,78.14, ,2
57.8, ,55.7, ,55.38, ,2
52.0, ,50.8, ,49.96, ,2
52.8, ,51.3, ,50.78, ,2
56.8, ,54.0, ,54.49, ,2
74.3, ,71.0, ,70.64, ,2
66.0, ,61.0, ,62.96, ,1
50.2, ,49.0, ,48.29, ,2
50.8, ,50.2, ,48.73, ,3
67.5, ,64.6, ,64.42, ,2
52.5, ,50.6, ,50.47, ,2
58.8, ,56.0, ,56.43, ,2
69.9, ,66.5, ,66.66, ,2
58.0, ,55.5, ,55.61, ,2
56.0, ,55.1, ,53.76, ,3
56.0, ,53.0, ,53.7, ,2
91.5, ,87.0, ,86.65, ,2
77.5, ,75.0, ,73.41, ,3
59.4, ,57.0, ,56.81, ,2
77.0, ,75.0, ,73.02, ,3
67.0, ,65.0, ,64.11, ,2
67.2, ,65.8, ,64.1, ,3
83.8, ,79.4, ,79.43, ,2
67.1, ,63.8, ,63.9, ,2
83.1, ,79.0, ,78.72, ,2
67.5, ,63.6, ,64.5, ,2
56.0, ,54.0, ,53.78, ,2
78.0, ,76.1, ,73.94, ,3
67.0, ,61.0, ,63.78, ,1
65.0, ,62.3, ,62.22, ,2
88.1, ,84.1, ,83.4, ,2
46.2, ,42.0, ,44.49, ,1
82.6, ,79.0, ,78.21, ,2
71.0, ,67.8, ,67.23, ,2
56.0, ,52.8, ,53.65, ,2
62.0, ,58.2, ,59.22, ,2
66.5, ,60.8, ,63.63, ,1
77.5, ,74.8, ,73.65, ,2
66.3, ,64.7, ,63.45, ,3
100.0, ,94.6, ,94.7, ,2
59.5, ,55.1, ,57.13, ,1
61.9, ,60.5, ,59.16, ,3
80.0, ,74.3, ,75.89, ,1
61.0, ,60.0, ,58.33, ,3
74.0, ,70.5, ,70.11, ,2
59.0, ,57.5, ,56.56, ,2
63.0, ,59.7, ,60.25, ,2
61.5, ,58.1, ,58.64, ,2
81.0, ,78.5, ,76.77, ,3
59.0, ,55.7, ,56.57, ,2
61.7, ,58.0, ,58.91, ,2
69.1, ,67.1, ,65.73, ,3
70.7, ,66.9, ,67.44, ,2
57.0, ,56.5, ,54.55, ,3
56.5, ,53.3, ,54.17, ,2
76.3, ,71.8, ,72.25, ,2
80.0, ,75.6, ,75.65, ,2
65.4, ,63.3, ,62.46, ,2
71.0, ,68.5, ,67.48, ,2
76.8, ,72.3, ,72.72, ,2
104.6, ,97.9, ,99.01, ,2
71.5, ,66.3, ,67.82, ,1
73.4, ,69.1, ,69.9, ,2
63.4, ,59.6, ,60.39, ,2
81.0, ,77.8, ,76.71, ,2
60.0, ,59.3, ,57.42, ,3
77.3, ,74.5, ,73.28, ,3
73.3, ,69.6, ,69.65, ,2
60.0, ,57.3, ,57.58, ,2
65.6, ,63.6, ,62.59, ,2
53.3, ,51.8, ,51.09, ,2
81.9, ,80.5, ,77.64, ,3
66.2, ,62.0, ,63.24, ,1
75.0, ,71.7, ,71.07, ,2
61.0, ,58.3, ,58.14, ,2
71.3, ,70.0, ,67.9, ,3
59.0, ,56.5, ,56.41, ,2
69.2, ,65.0, ,65.85, ,2
75.0, ,70.3, ,70.98, ,2
92.0, ,89.0, ,87.02, ,3
76.4, ,74.8, ,72.54, ,3
65.0, ,60.1, ,62.16, ,1
55.5, ,54.3, ,53.22, ,2
58.9, ,57.5, ,56.4, ,2
82.0, ,77.1, ,77.66, ,2
53.4, ,52.3, ,51.37, ,2
70.0, ,65.7, ,66.52, ,2
54.0, ,51.2, ,51.9, ,2
61.3, ,58.2, ,58.6, ,2
64.2, ,61.6, ,61.29, ,2
62.3, ,59.2, ,59.76, ,2
62.5, ,59.5, ,59.59, ,2
75.0, ,71.4, ,70.98, ,2
69.0, ,65.0, ,65.71, ,2
58.0, ,54.8, ,55.47, ,2
85.8, ,83.4, ,81.25, ,3
63.0, ,58.4, ,60.01, ,1
63.7, ,61.4, ,61.06, ,2
43.5, ,41.6, ,41.97, ,2
62.0, ,60.4, ,59.32, ,2
61.0, ,58.0, ,58.37, ,2
62.0, ,61.0, ,59.41, ,3
63.0, ,62.5, ,60.33, ,3
78.8, ,76.9, ,74.7, ,3
61.9, ,61.4, ,59.32, ,3
65.4, ,62.5, ,62.35, ,2
60.7, ,57.5, ,58.01, ,2
65.5, ,63.3, ,62.54, ,2
67.0, ,64.0, ,64.05, ,2
49.2, ,48.4, ,47.28, ,2
62.4, ,60.4, ,59.6, ,2
53.5, ,51.5, ,51.44, ,2
59.4, ,56.2, ,56.93, ,2
76.5, ,71.8, ,72.51, ,2
66.0, ,63.5, ,63.09, ,2
81.8, ,78.5, ,77.67, ,2
64.0, ,62.0, ,61.13, ,2
60.0, ,57.8, ,57.35, ,2
57.2, ,56.6, ,54.81, ,3
66.0, ,64.0, ,63.12, ,2
51.0, ,50.0, ,49.09, ,2
50.5, ,48.6, ,48.51, ,2
90.0, ,84.7, ,85.19, ,2
49.7, ,48.5, ,47.69, ,2
74.3, ,70.2, ,70.78, ,2
57.8, ,56.0, ,55.28, ,2
87.0, ,81.5, ,82.42, ,2
66.5, ,65.0, ,63.32, ,3
63.5, ,60.6, ,60.52, ,2
62.0, ,57.5, ,59.37, ,1
43.0, ,42.4, ,41.4, ,2
67.8, ,64.1, ,64.55, ,2
57.0, ,54.8, ,54.73, ,2
61.0, ,58.9, ,58.25, ,2
69.0, ,65.2, ,65.89, ,2
49.8, ,48.7, ,47.92, ,2
79.3, ,75.3, ,75.16, ,2
73.0, ,68.5, ,69.52, ,2
85.4, ,79.6, ,81.05, ,1
54.5, ,52.0, ,52.36, ,2
50.5, ,48.3, ,48.58, ,2
51.6, ,50.5, ,49.59, ,2
55.0, ,52.1, ,52.83, ,2
62.0, ,60.0, ,59.14, ,2
64.5, ,62.4, ,61.43, ,2
63.0, ,60.2, ,60.12, ,2
96.5, ,90.5, ,91.33, ,2
60.0, ,57.9, ,57.34, ,2
69.0, ,65.7, ,65.55, ,2
54.2, ,51.6, ,52.19, ,2
71.0, ,66.0, ,67.76, ,1
53.0, ,51.3, ,50.98, ,2
80.0, ,77.0, ,75.92, ,2
61.0, ,58.5, ,58.41, ,2
48.0, ,46.8, ,46.08, ,2
57.5, ,54.3, ,55.11, ,2
88.0, ,83.5, ,83.31, ,2
68.8, ,65.9, ,65.76, ,2
82.0, ,80.0, ,77.69, ,3
76.4, ,73.0, ,72.36, ,2
58.0, ,53.5, ,55.49, ,1
48.0, ,46.4, ,46.06, ,2
50.2, ,50.0, ,48.15, ,3
61.0, ,58.8, ,58.24, ,2
65.7, ,62.2, ,62.85, ,2
55.7, ,52.7, ,53.4, ,2
62.0, ,59.2, ,59.42, ,2
56.8, ,56.0, ,54.49, ,3
60.0, ,56.7, ,57.46, ,2
59.0, ,57.0, ,56.51, ,2
58.5, ,57.2, ,56.01, ,2
58.5, ,56.2, ,56.0, ,2
74.0, ,70.5, ,70.41, ,2
62.2, ,59.9, ,59.46, ,2
58.0, ,56.7, ,55.54, ,2
62.5, ,59.0, ,59.83, ,2
77.0, ,73.0, ,72.9, ,2
86.0, ,79.0, ,81.44, ,1
72.9, ,70.7, ,69.5, ,3
64.5, ,61.0, ,61.65, ,2
62.2, ,58.0, ,59.51, ,1
75.0, ,73.0, ,71.0, ,3
80.0, ,77.0, ,75.79, ,3
46.5, ,45.0, ,44.92, ,2
59.0, ,57.6, ,56.62, ,2
77.5, ,76.6, ,73.43, ,3
66.1, ,61.3, ,63.11, ,1
70.6, ,67.0, ,67.36, ,2
51.0, ,47.5, ,48.77, ,1
55.0, ,53.4, ,52.76, ,2
45.0, ,43.5, ,43.36, ,2
52.7, ,51.7, ,50.64, ,2
108.0, ,100.9, ,102.15, ,1
56.4, ,55.4, ,54.17, ,3
58.1, ,56.1, ,55.67, ,2
73.0, ,70.0, ,69.5, ,2
74.5, ,71.1, ,70.52, ,2
50.0, ,49.5, ,48.03, ,3
85.0, ,79.0, ,80.66, ,1
78.0, ,71.9, ,74.0, ,1
66.3, ,62.9, ,63.1, ,2
56.5, ,55.2, ,54.11, ,2
61.7, ,58.8, ,59.07, ,2
56.0, ,54.3, ,53.53, ,2
52.6, ,50.4, ,50.38, ,2
79.3, ,74.0, ,75.11, ,2
75.7, ,72.6, ,71.76, ,2
69.0, ,65.5, ,66.13, ,2
55.0, ,52.6, ,52.75, ,2
56.7, ,56.2, ,54.33, ,3
84.8, ,81.6, ,80.35, ,3
58.3, ,55.5, ,55.67, ,2
50.9, ,48.7, ,48.94, ,2
55.5, ,54.2, ,53.3, ,2
85.7, ,80.0, ,81.11, ,2
78.8, ,70.5, ,74.64, ,1
63.5, ,61.5, ,60.58, ,2
64.0, ,60.5, ,60.93, ,2
79.0, ,74.0, ,74.82, ,2
70.0, ,66.5, ,66.61, ,2
68.0, ,64.5, ,64.98, ,2
55.1, ,52.9, ,52.93, ,2
67.5, ,66.0, ,64.48, ,3
95.4, ,92.1, ,90.28, ,3
57.5, ,56.1, ,55.14, ,2
60.0, ,56.0, ,57.16, ,2
57.8, ,55.0, ,55.39, ,2
91.0, ,85.5, ,86.23, ,2
50.0, ,48.0, ,48.05, ,2
58.4, ,55.7, ,56.01, ,2
64.2, ,61.3, ,61.3, ,2
62.0, ,56.8, ,59.41, ,1
62.2, ,60.0, ,59.66, ,2
55.0, ,51.5, ,52.84, ,1
87.6, ,81.6, ,82.95, ,1
59.3, ,55.9, ,56.83, ,2
73.0, ,70.0, ,69.12, ,2
63.3, ,61.8, ,60.35, ,3
90.1, ,87.0, ,85.26, ,3
53.0, ,50.0, ,50.75, ,2
83.0, ,75.4, ,78.79, ,1
62.9, ,60.0, ,60.13, ,2
60.9, ,57.5, ,58.26, ,2
94.1, ,89.1, ,89.27, ,2
59.6, ,56.6, ,57.08, ,2
67.0, ,62.5, ,64.11, ,1
61.0, ,58.5, ,58.26, ,2
60.4, ,56.0, ,57.86, ,1
58.2, ,56.4, ,55.7, ,2
59.0, ,57.0, ,56.32, ,2
91.0, ,87.3, ,86.17, ,2
55.4, ,54.2, ,53.13, ,2
58.0, ,55.6, ,55.68, ,2
66.8, ,64.7, ,63.74, ,2
99.8, ,95.8, ,94.44, ,3
60.7, ,55.1, ,58.06, ,1
79.5, ,73.8, ,75.19, ,1
75.5, ,71.0, ,71.61, ,2
68.2, ,65.8, ,65.06, ,2
89.0, ,85.4, ,84.15, ,3
78.0, ,74.0, ,74.02, ,2
60.6, ,59.3, ,58.09, ,3
61.5, ,58.1, ,58.79, ,2
61.4, ,55.9, ,58.83, ,1
78.6, ,77.0, ,74.47, ,3
56.0, ,52.8, ,53.68, ,2
67.6, ,63.9, ,64.6, ,2
94.6, ,86.7, ,89.54, ,1
73.5, ,73.1, ,69.69, ,3
55.0, ,53.0, ,52.88, ,2
78.0, ,71.5, ,74.1, ,1
61.5, ,57.5, ,58.91, ,1
65.9, ,63.3, ,63.09, ,2
53.8, ,51.0, ,51.7, ,2
85.3, ,80.3, ,80.72, ,2
60.0, ,56.9, ,57.43, ,2
57.3, ,53.0, ,54.99, ,1
73.7, ,71.7, ,70.02, ,3
64.0, ,58.6, ,61.16, ,1
76.0, ,74.0, ,72.09, ,3
58.4, ,55.8, ,55.95, ,2
60.5, ,56.5, ,57.96, ,1
62.7, ,60.1, ,59.76, ,2
81.2, ,78.8, ,76.88, ,3
58.2, ,55.9, ,55.75, ,2
55.0, ,54.0, ,52.76, ,3
66.0, ,63.8, ,62.97, ,2
57.5, ,56.6, ,55.07, ,3
68.0, ,63.0, ,64.98, ,1
52.6, ,51.4, ,50.54, ,2
54.4, ,53.0, ,52.03, ,2
60.4, ,58.5, ,57.84, ,2
54.0, ,52.6, ,51.75, ,2
67.9, ,63.7, ,64.83, ,2
89.0, ,84.6, ,84.2, ,2
59.8, ,54.8, ,57.3, ,1
60.5, ,58.2, ,57.9, ,2
56.0, ,52.6, ,53.53, ,2
57.3, ,54.3, ,55.01, ,2
71.5, ,71.0, ,67.96, ,3
65.0, ,61.7, ,61.85, ,2
81.0, ,75.3, ,76.82, ,1
56.0, ,53.5, ,53.68, ,2
75.8, ,71.1, ,72.09, ,2
85.0, ,78.0, ,80.57, ,1
53.0, ,51.5, ,50.95, ,2
58.8, ,56.2, ,56.31, ,2
64.0, ,60.2, ,61.07, ,2
56.0, ,53.0, ,53.55, ,2
55.0, ,53.0, ,52.88, ,2
48.8, ,46.8, ,47.02, ,2
47.5, ,46.8, ,45.64, ,2
59.0, ,56.5, ,56.54, ,2
60.8, ,56.8, ,58.16, ,1
67.4, ,62.0, ,64.04, ,1
52.7, ,50.4, ,50.59, ,2
58.9, ,57.5, ,56.45, ,2
72.0, ,68.5, ,68.81, ,2
48.8, ,46.8, ,46.86, ,2
76.2, ,71.2, ,72.53, ,1
54.4, ,52.0, ,52.4, ,2
82.6, ,78.0, ,78.19, ,2
80.1, ,76.9, ,75.77, ,2
57.0, ,54.0, ,54.43, ,2
67.0, ,63.6, ,63.57, ,2
70.1, ,65.1, ,66.69, ,1
85.0, ,80.7, ,80.45, ,2
57.2, ,54.5, ,54.83, ,2
54.7, ,52.2, ,52.46, ,2
90.0, ,83.6, ,85.13, ,1
74.0, ,70.6, ,70.54, ,2
69.0, ,65.0, ,65.89, ,2
62.5, ,58.8, ,59.78, ,2
57.2, ,54.7, ,54.84, ,2
61.0, ,58.5, ,58.38, ,2
78.0, ,73.5, ,73.88, ,2
59.5, ,55.0, ,57.1, ,1
62.7, ,59.7, ,59.97, ,2
56.2, ,53.3, ,53.67, ,2
76.0, ,72.3, ,71.99, ,2
63.4, ,59.3, ,60.69, ,1
85.0, ,82.0, ,80.42, ,3
78.0, ,75.0, ,73.87, ,2
59.5, ,58.0, ,57.08, ,2
58.0, ,55.0, ,55.29, ,2
75.5, ,71.0, ,71.64, ,2
61.0, ,58.7, ,58.35, ,2
70.5, ,67.0, ,67.36, ,2
71.2, ,66.6, ,67.71, ,2
73.9, ,71.5, ,70.39, ,2
53.5, ,51.6, ,51.28, ,2
67.7, ,65.9, ,64.62, ,3
95.5, ,91.1, ,90.55, ,2
88.5, ,84.5, ,83.82, ,2
76.7, ,72.2, ,72.64, ,2
57.0, ,54.0, ,54.62, ,2
68.0, ,65.0, ,64.96, ,2
77.0, ,75.0, ,72.96, ,3
71.0, ,67.5, ,67.51, ,2
58.9, ,56.4, ,56.52, ,2
51.2, ,49.0, ,49.21, ,2
79.0, ,74.9, ,74.96, ,2
51.7, ,51.1, ,49.76, ,3
50.0, ,48.0, ,48.11, ,2
61.5, ,59.7, ,58.81, ,2
64.7, ,62.0, ,61.66, ,2
81.5, ,77.1, ,77.21, ,2
58.0, ,55.7, ,55.59, ,2
59.8, ,56.7, ,57.28, ,2
77.6, ,76.9, ,73.63, ,3
67.0, ,64.5, ,64.08, ,2
54.0, ,51.1, ,51.9, ,2
95.5, ,90.0, ,90.44, ,2
75.0, ,69.0, ,71.38, ,1
52.0, ,50.2, ,49.91, ,2
67.8, ,63.5, ,64.9, ,1
58.4, ,54.9, ,55.89, ,2
67.0, ,64.9, ,63.64, ,3
55.0, ,53.0, ,52.65, ,2
87.3, ,82.4, ,82.46, ,2
91.1, ,87.0, ,86.32, ,2
76.3, ,70.8, ,72.24, ,1
74.5, ,71.0, ,70.55, ,2
59.5, ,57.5, ,56.95, ,2
68.0, ,65.7, ,64.67, ,2
52.7, ,50.1, ,50.5, ,2
63.1, ,60.5, ,60.36, ,2
54.0, ,52.0, ,51.81, ,2
54.0, ,51.3, ,51.72, ,2
55.8, ,53.8, ,53.53, ,2
60.0, ,56.8, ,57.32, ,2
49.0, ,47.1, ,47.14, ,2
68.0, ,64.5, ,64.87, ,2
49.3, ,49.0, ,47.42, ,3
66.6, ,64.0, ,63.54, ,2
88.0, ,80.2, ,83.45, ,1
73.0, ,71.0, ,69.44, ,3
49.0, ,46.8, ,47.15, ,2
63.1, ,60.5, ,60.39, ,2
62.9, ,59.3, ,59.99, ,2
80.3, ,74.8, ,75.9, ,2
62.0, ,59.2, ,59.23, ,2
59.0, ,57.0, ,56.41, ,2
75.0, ,73.3, ,71.03, ,3
52.5, ,50.8, ,50.48, ,2
73.5, ,70.7, ,69.96, ,2
67.5, ,64.0, ,64.65, ,2
57.0, ,54.5, ,54.8, ,2
86.6, ,82.3, ,82.16, ,2
88.0, ,80.4, ,83.28, ,1
106.0, ,97.9, ,100.18, ,1
63.7, ,59.2, ,60.75, ,1
56.3, ,53.9, ,53.99, ,2
64.0, ,60.5, ,61.16, ,2
72.0, ,67.0, ,68.64, ,1
57.1, ,55.0, ,54.7, ,2
78.3, ,73.8, ,74.2, ,2
85.5, ,81.0, ,80.95, ,2
65.2, ,63.0, ,62.09, ,2
61.3, ,59.0, ,58.67, ,2
51.7, ,49.8, ,49.66, ,2
65.0, ,63.5, ,62.12, ,3
89.0, ,84.5, ,84.15, ,2
85.2, ,81.0, ,80.72, ,2
59.3, ,57.0, ,56.73, ,2
51.7, ,48.9, ,49.7, ,2
57.0, ,54.0, ,54.61, ,2
50.0, ,47.7, ,48.05, ,2
72.0, ,67.1, ,68.38, ,1
63.4, ,60.8, ,60.62, ,2
78.6, ,71.6, ,74.51, ,1
60.0, ,54.5, ,57.49, ,1
64.9, ,64.3, ,61.99, ,3
92.0, ,86.9, ,87.06, ,2
77.4, ,76.9, ,73.44, ,3
62.5, ,61.8, ,59.68, ,3
69.0, ,66.8, ,65.56, ,3
60.0, ,56.1, ,57.55, ,1
83.0, ,80.8, ,78.56, ,3
60.8, ,58.0, ,58.23, ,2
56.1, ,54.3, ,53.77, ,2
54.3, ,51.9, ,52.14, ,2
68.4, ,65.4, ,65.13, ,2
54.5, ,51.7, ,52.37, ,2
94.0, ,86.0, ,89.01, ,1
58.0, ,55.0, ,55.43, ,2
63.0, ,60.3, ,60.28, ,2
68.0, ,62.4, ,65.06, ,1
93.0, ,84.0, ,88.19, ,1
47.1, ,45.8, ,45.41, ,2
56.2, ,55.0, ,53.78, ,3
64.0, ,60.5, ,61.1, ,2
78.0, ,74.0, ,73.86, ,2
85.0, ,80.0, ,80.51, ,2
47.5, ,46.5, ,45.7, ,2
79.2, ,71.8, ,75.06, ,1
68.0, ,64.0, ,64.68, ,2
52.0, ,50.3, ,49.99, ,2
69.0, ,67.0, ,65.33, ,3
74.0, ,71.4, ,70.3, ,2
62.0, ,56.3, ,59.08, ,1
62.0, ,59.8, ,59.22, ,2
68.3, ,65.8, ,65.26, ,2
62.0, ,58.7, ,59.2, ,2
88.4, ,83.6, ,83.91, ,2
66.8, ,64.3, ,63.78, ,2
69.0, ,65.3, ,65.92, ,2
59.5, ,54.0, ,56.96, ,1
61.0, ,58.6, ,58.27, ,2
69.0, ,67.7, ,65.68, ,3
48.8, ,48.0, ,46.97, ,2
73.5, ,69.8, ,70.03, ,2
56.4, ,54.7, ,54.3, ,2
55.6, ,54.5, ,53.31, ,2
50.1, ,47.8, ,48.17, ,2
61.3, ,56.7, ,58.64, ,1
64.5, ,61.0, ,61.63, ,2
87.7, ,83.9, ,83.11, ,2
63.0, ,59.8, ,60.41, ,2
56.5, ,51.8, ,54.32, ,1
50.8, ,48.6, ,48.87, ,2
60.0, ,56.6, ,57.33, ,2
50.0, ,47.6, ,48.02, ,2
62.3, ,59.2, ,59.37, ,2
99.0, ,89.4, ,93.61, ,1
65.8, ,61.5, ,62.9, ,1
70.3, ,68.1, ,67.23, ,2
71.0, ,66.9, ,67.87, ,2
59.3, ,57.7, ,56.85, ,2
62.0, ,58.8, ,59.3, ,2
63.7, ,60.9, ,60.8, ,2
62.8, ,59.5, ,60.07, ,2
52.0, ,50.8, ,49.98, ,2
54.0, ,53.3, ,51.78, ,3
59.0, ,55.0, ,56.46, ,1
72.6, ,68.4, ,69.15, ,2
40.2, ,37.9, ,39.51, ,1
60.0, ,57.3, ,57.26, ,2
92.0, ,85.5, ,87.0, ,1
71.6, ,68.5, ,68.05, ,2
60.0, ,54.7, ,57.4, ,1
81.0, ,73.5, ,76.77, ,1
50.0, ,47.0, ,48.14, ,2
68.5, ,66.2, ,65.32, ,2
57.0, ,55.5, ,54.8, ,2
91.0, ,85.5, ,86.1, ,2
57.0, ,54.0, ,54.7, ,2
59.5, ,57.9, ,56.78, ,2
63.1, ,57.9, ,60.32, ,1
52.7, ,49.0, ,50.69, ,1
91.0, ,85.3, ,86.11, ,2
78.5, ,72.3, ,74.41, ,1
87.9, ,84.7, ,83.31, ,3
55.0, ,51.5, ,52.67, ,2
76.5, ,74.0, ,72.34, ,3
54.1, ,52.7, ,52.02, ,2
53.0, ,50.6, ,50.78, ,2
67.3, ,64.6, ,64.43, ,2
81.0, ,76.8, ,76.83, ,2
68.5, ,65.0, ,65.31, ,2
61.4, ,58.9, ,58.65, ,2
57.6, ,55.2, ,55.32, ,2
64.8, ,62.0, ,61.93, ,2
60.5, ,57.8, ,57.9, ,2
47.7, ,45.6, ,45.83, ,2
60.0, ,55.9, ,57.4, ,1
48.0, ,44.9, ,46.11, ,1
93.0, ,86.8, ,88.16, ,1
60.7, ,59.3, ,57.9, ,3
59.9, ,57.8, ,57.46, ,2
53.0, ,51.0, ,51.02, ,2
56.0, ,53.0, ,53.76, ,2
73.0, ,70.0, ,69.4, ,2
55.4, ,52.1, ,53.15, ,2
55.7, ,54.5, ,53.45, ,2
58.4, ,55.6, ,55.86, ,2
56.2, ,54.0, ,53.82, ,2
52.8, ,49.5, ,50.74, ,1
57.5, ,55.0, ,55.09, ,2
89.4, ,80.3, ,84.65, ,1
90.0, ,85.0, ,85.26, ,2
83.7, ,80.9, ,79.4, ,3
63.7, ,62.9, ,60.77, ,3
55.2, ,53.1, ,52.92, ,2
76.0, ,72.1, ,72.04, ,2
75.0, ,71.2, ,71.2, ,2
54.5, ,52.3, ,52.45, ,2
56.8, ,54.5, ,54.49, ,2
72.2, ,67.7, ,68.82, ,2
66.0, ,63.0, ,63.02, ,2
71.0, ,65.6, ,67.27, ,1
60.1, ,57.6, ,57.37, ,2
57.5, ,53.9, ,55.11, ,1
59.0, ,56.3, ,56.49, ,2
86.0, ,84.0, ,81.54, ,3
55.0, ,54.0, ,52.85, ,2
65.0, ,61.8, ,62.08, ,2
56.0, ,54.0, ,53.68, ,2
58.1, ,55.9, ,55.6, ,2
55.6, ,53.6, ,53.43, ,2
67.7, ,63.5, ,64.81, ,1
55.5, ,52.3, ,53.22, ,2
54.0, ,52.0, ,51.9, ,2
62.2, ,60.1, ,59.54, ,2
60.3, ,58.3, ,57.42, ,2
65.8, ,63.5, ,62.75, ,2
55.8, ,53.8, ,53.34, ,2
66.5, ,64.1, ,63.64, ,2
100.0, ,95.0, ,94.6, ,2
55.0, ,52.8, ,52.73, ,2
54.4, ,53.7, ,52.2, ,3
54.0, ,51.5, ,51.86, ,2
59.3, ,57.2, ,56.79, ,2
85.0, ,82.0, ,80.64, ,3
55.5, ,53.5, ,53.41, ,2
108.5, ,101.5, ,102.62, ,2
58.5, ,58.0, ,55.99, ,3
70.2, ,69.0, ,66.76, ,3
69.6, ,67.3, ,66.36, ,2
55.0, ,51.8, ,52.7, ,2
57.0, ,54.3, ,54.71, ,2
68.9, ,64.0, ,65.63, ,1
57.5, ,54.7, ,55.19, ,2
57.4, ,55.4, ,55.08, ,2
60.1, ,57.7, ,57.33, ,2
64.7, ,62.1, ,61.92, ,2
65.8, ,62.5, ,63.0, ,2
57.1, ,55.5, ,54.89, ,2
81.0, ,75.5, ,76.77, ,1
55.0, ,52.9, ,52.79, ,2
87.4, ,85.0, ,82.8, ,3
45.0, ,43.0, ,43.32, ,2
69.8, ,68.1, ,66.45, ,3
58.7, ,56.9, ,56.2, ,2
69.3, ,67.0, ,65.86, ,2
71.2, ,65.4, ,67.89, ,1
48.2, ,47.0, ,46.37, ,2
65.1, ,61.2, ,62.16, ,2
58.0, ,54.0, ,55.65, ,1
50.2, ,48.7, ,48.2, ,2
76.7, ,74.4, ,72.82, ,3
57.0, ,52.9, ,54.55, ,1
54.5, ,51.8, ,52.15, ,2
84.2, ,80.5, ,79.75, ,2
64.3, ,60.4, ,61.36, ,2
69.6, ,67.5, ,66.34, ,2
65.2, ,63.4, ,62.21, ,2
77.0, ,73.7, ,72.98, ,2
76.0, ,71.0, ,72.02, ,2
51.6, ,49.5, ,49.63, ,2
64.8, ,59.8, ,61.89, ,1
56.5, ,54.8, ,54.31, ,2
61.3, ,59.4, ,58.7, ,2
68.6, ,65.6, ,65.59, ,2
58.5, ,56.3, ,55.98, ,2
51.8, ,50.2, ,49.81, ,2
59.8, ,57.8, ,57.3, ,2
66.7, ,63.5, ,63.82, ,2
79.2, ,73.6, ,74.86, ,1
61.7, ,57.7, ,59.01, ,1
76.9, ,71.8, ,72.96, ,2
50.0, ,48.0, ,47.99, ,2
72.0, ,67.1, ,68.6, ,1
83.0, ,76.6, ,78.7, ,1
62.6, ,60.6, ,59.84, ,2
63.5, ,60.8, ,60.74, ,2
75.5, ,71.3, ,71.6, ,2
66.0, ,64.0, ,62.78, ,3
61.0, ,57.5, ,58.35, ,2
56.9, ,54.5, ,54.68, ,2
49.0, ,48.1, ,46.94, ,2
90.0, ,86.5, ,85.3, ,3
56.3, ,54.1, ,54.09, ,2
74.0, ,70.4, ,70.35, ,2
68.5, ,66.0, ,65.47, ,2
66.5, ,63.3, ,63.59, ,2
80.0, ,74.8, ,75.89, ,2
70.0, ,66.9, ,66.77, ,2
71.0, ,68.4, ,67.87, ,2
65.1, ,63.2, ,61.98, ,3
56.3, ,53.2, ,53.83, ,2
56.1, ,54.5, ,53.64, ,2
75.3, ,71.4, ,71.31, ,2
70.0, ,66.5, ,66.85, ,2
77.9, ,76.5, ,74.01, ,3
75.0, ,70.6, ,71.08, ,2
56.1, ,55.0, ,53.79, ,3
63.0, ,58.9, ,60.15, ,1
58.0, ,55.2, ,55.7, ,2
56.0, ,54.7, ,53.73, ,2
64.2, ,62.4, ,61.5, ,2
55.7, ,52.9, ,53.46, ,2
57.7, ,56.5, ,55.23, ,3
61.5, ,60.5, ,58.79, ,3
57.0, ,55.5, ,54.65, ,2
75.0, ,72.5, ,71.07, ,3
66.3, ,61.7, ,63.2, ,1
53.0, ,49.2, ,50.85, ,1
62.4, ,58.4, ,59.74, ,1
78.0, ,74.5, ,74.04, ,2
85.5, ,80.7, ,80.98, ,2
58.6, ,54.5, ,56.27, ,1
67.5, ,63.5, ,64.42, ,2
66.0, ,60.5, ,63.16, ,1
55.4, ,54.7, ,53.11, ,3
57.5, ,55.1, ,55.21, ,2
82.5, ,77.3, ,78.2, ,2
84.2, ,75.7, ,79.73, ,1
80.0, ,73.9, ,75.8, ,1
61.1, ,58.8, ,58.49, ,2
56.0, ,53.7, ,53.7, ,2
51.5, ,48.0, ,49.53, ,1
71.1, ,68.9, ,68.0, ,2
65.1, ,62.1, ,62.18, ,2
75.3, ,70.9, ,71.64, ,2
74.0, ,72.0, ,70.13, ,3
74.0, ,68.0, ,70.1, ,1
58.0, ,55.0, ,55.57, ,2
64.2, ,60.6, ,61.24, ,2
72.0, ,68.5, ,68.54, ,2
86.4, ,80.8, ,81.79, ,2
55.2, ,53.0, ,52.84, ,2
71.5, ,66.0, ,68.0, ,1
55.1, ,52.0, ,52.81, ,2
61.0, ,57.0, ,58.23, ,1
53.0, ,50.8, ,50.96, ,2
62.9, ,58.7, ,60.19, ,1
68.8, ,65.0, ,65.46, ,2
69.0, ,65.0, ,65.85, ,2
80.0, ,74.4, ,75.75, ,1
60.0, ,57.2, ,57.54, ,2
80.0, ,74.0, ,75.85, ,1
60.0, ,56.8, ,57.45, ,2
62.0, ,60.0, ,59.37, ,2
82.0, ,79.0, ,77.67, ,3
66.0, ,60.5, ,63.13, ,1
68.8, ,63.5, ,65.63, ,1
66.0, ,62.9, ,62.8, ,2
65.2, ,63.8, ,62.11, ,3
90.0, ,83.0, ,85.15, ,1
64.3, ,59.8, ,61.29, ,1
49.6, ,48.3, ,47.72, ,2
56.0, ,55.6, ,53.86, ,3
100.3, ,95.0, ,94.87, ,2
74.0, ,70.0, ,70.43, ,2
52.2, ,50.0, ,50.02, ,2
61.5, ,57.4, ,58.83, ,1
63.5, ,59.2, ,60.65, ,1
49.9, ,47.8, ,47.96, ,2
67.4, ,62.5, ,64.4, ,1
63.2, ,61.2, ,60.33, ,2
50.7, ,49.3, ,48.72, ,2
61.4, ,59.0, ,58.77, ,2
76.0, ,70.4, ,72.14, ,1
66.4, ,62.7, ,63.42, ,2
69.0, ,63.2, ,65.78, ,1
52.5, ,50.0, ,50.5, ,2
56.5, ,56.0, ,54.1, ,3
51.0, ,49.0, ,49.04, ,2
57.0, ,54.0, ,54.5, ,2
67.5, ,64.0, ,64.47, ,2
84.6, ,80.5, ,80.08, ,2
77.6, ,75.0, ,73.77, ,3
67.7, ,65.9, ,64.83, ,2
62.6, ,61.4, ,59.58, ,3
75.0, ,71.9, ,71.22, ,2
61.7, ,58.5, ,58.99, ,2
69.5, ,64.5, ,66.3, ,1
54.0, ,50.1, ,51.86, ,1
71.0, ,66.2, ,67.82, ,1
56.3, ,55.5, ,54.08, ,3
51.2, ,50.4, ,49.17, ,3
59.0, ,57.8, ,56.42, ,3
67.3, ,65.5, ,64.22, ,3
62.4, ,60.5, ,59.76, ,2
63.0, ,60.5, ,60.2, ,2
68.7, ,65.3, ,65.72, ,2
55.5, ,53.4, ,53.18, ,2
61.8, ,56.9, ,59.1, ,1
67.5, ,62.5, ,64.52, ,1
51.8, ,48.6, ,49.81, ,1
70.5, ,68.9, ,67.21, ,3
70.4, ,66.7, ,67.32, ,2
55.1, ,54.3, ,52.77, ,3
60.5, ,58.1, ,57.85, ,2
56.0, ,53.4, ,53.7, ,2
52.0, ,49.3, ,50.08, ,2
83.0, ,79.1, ,78.57, ,2
45.5, ,43.3, ,43.9, ,2
60.0, ,55.8, ,57.48, ,1
61.0, ,58.0, ,58.47, ,2
73.0, ,68.9, ,69.45, ,2
74.0, ,70.4, ,70.18, ,2
73.9, ,70.3, ,70.34, ,2
83.0, ,76.3, ,78.72, ,1
54.0, ,51.0, ,51.79, ,2
61.4, ,59.3, ,58.51, ,2
93.0, ,86.8, ,87.97, ,2
60.6, ,57.2, ,58.08, ,2
60.5, ,58.6, ,57.84, ,2
80.0, ,73.0, ,75.78, ,1
65.6, ,62.8, ,62.87, ,2
60.0, ,57.6, ,57.37, ,2
66.1, ,63.6, ,63.26, ,2
102.0, ,97.6, ,96.48, ,2
75.4, ,71.4, ,71.42, ,2
59.0, ,56.1, ,56.44, ,2
67.5, ,66.0, ,64.65, ,3
60.4, ,57.0, ,57.78, ,2
59.4, ,57.7, ,56.82, ,2
62.0, ,58.3, ,59.32, ,2
62.5, ,59.0, ,59.79, ,2
54.0, ,51.8, ,51.84, ,2
54.4, ,52.6, ,52.17, ,2
59.0, ,54.0, ,56.47, ,1
56.0, ,53.5, ,53.7, ,2
66.5, ,63.0, ,63.45, ,2
68.3, ,64.5, ,65.19, ,2
109.0, ,102.0, ,102.97, ,2
58.9, ,56.7, ,56.4, ,2
64.7, ,62.0, ,61.81, ,2
65.9, ,61.3, ,63.07, ,1
45.0, ,44.0, ,43.31, ,2
65.3, ,63.9, ,62.52, ,3
54.0, ,49.7, ,51.92, ,1
68.6, ,66.3, ,65.4, ,2
71.0, ,68.4, ,67.44, ,2
72.2, ,67.5, ,68.85, ,1
72.5, ,69.5, ,68.86, ,2
59.0, ,57.6, ,56.42, ,2
55.8, ,54.4, ,53.58, ,2
67.0, ,63.4, ,64.0, ,2
73.3, ,69.5, ,69.77, ,2
51.8, ,49.7, ,49.76, ,2
106.6, ,100.0, ,100.9, ,2
86.0, ,80.0, ,81.37, ,1
67.0, ,64.7, ,64.12, ,2
65.0, ,63.3, ,62.26, ,2
65.3, ,62.3, ,62.4, ,2
74.5, ,70.9, ,70.58, ,2
50.0, ,47.5, ,48.03, ,2
79.0, ,75.0, ,74.97, ,2
76.9, ,73.5, ,72.79, ,2
52.1, ,50.7, ,50.04, ,2
65.8, ,64.0, ,62.87, ,2
55.0, ,52.5, ,52.82, ,2
68.9, ,66.2, ,65.79, ,2
52.5, ,50.5, ,50.42, ,2
65.2, ,60.7, ,62.47, ,1
62.0, ,59.0, ,59.24, ,2
61.6, ,59.8, ,58.85, ,2
68.0, ,63.6, ,64.92, ,1
55.3, ,53.0, ,53.11, ,2
63.7, ,61.3, ,60.81, ,2
71.6, ,67.0, ,68.18, ,2
65.5, ,63.5, ,62.5, ,2
57.0, ,54.0, ,54.57, ,2
81.5, ,74.2, ,77.16, ,1
96.0, ,89.7, ,90.79, ,2
57.0, ,52.0, ,54.54, ,1
66.0, ,61.0, ,62.97, ,1
63.0, ,61.4, ,60.13, ,3
62.5, ,60.9, ,59.85, ,2
51.5, ,46.6, ,49.68, ,1
56.5, ,55.0, ,54.13, ,2
75.0, ,70.2, ,71.18, ,2
68.2, ,66.0, ,65.26, ,2
67.5, ,63.9, ,64.53, ,2
65.0, ,61.5, ,62.1, ,2
56.0, ,54.5, ,53.73, ,2
89.8, ,86.4, ,84.93, ,3
76.5, ,71.4, ,72.41, ,2
53.0, ,50.7, ,50.85, ,2
90.8, ,85.7, ,86.08, ,2
59.7, ,58.1, ,57.17, ,2
80.0, ,75.3, ,75.66, ,2
56.3, ,54.5, ,54.09, ,2
101.9, ,95.8, ,96.51, ,2
69.0, ,67.0, ,65.58, ,3
63.0, ,60.8, ,60.44, ,2
73.5, ,68.5, ,69.75, ,1
68.0, ,65.3, ,64.83, ,2
52.0, ,49.3, ,49.96, ,2
51.0, ,48.9, ,49.03, ,2
59.9, ,54.1, ,57.41, ,1
90.5, ,88.0, ,85.68, ,3
48.5, ,46.9, ,46.7, ,2
85.0, ,82.6, ,80.55, ,3
48.8, ,47.7, ,46.93, ,2
76.6, ,72.1, ,72.69, ,2
82.3, ,79.7, ,77.98, ,3
98.0, ,89.0, ,92.76, ,1
69.1, ,66.0, ,65.84, ,2
72.8, ,68.5, ,69.27, ,2
99.9, ,95.7, ,94.52, ,2
62.0, ,59.6, ,59.26, ,2
67.3, ,64.6, ,64.23, ,2
69.7, ,66.7, ,66.32, ,2
101.3, ,96.5, ,95.82, ,2
73.4, ,67.5, ,69.69, ,1
78.0, ,75.0, ,73.79, ,3
68.7, ,65.2, ,65.24, ,2
61.8, ,59.4, ,59.17, ,2
50.8, ,50.0, ,48.86, ,2
55.5, ,53.4, ,53.24, ,2
53.0, ,49.7, ,50.94, ,1
82.0, ,78.0, ,77.65, ,2
80.0, ,73.6, ,75.78, ,1
87.7, ,81.7, ,83.18, ,1
71.3, ,64.8, ,68.2, ,1
56.3, ,52.8, ,53.89, ,2
50.4, ,48.9, ,48.45, ,2
58.0, ,55.0, ,55.66, ,2
49.0, ,46.5, ,47.1, ,2
80.0, ,76.7, ,75.89, ,2
63.0, ,59.8, ,60.34, ,2
74.7, ,69.5, ,70.83, ,1
78.4, ,74.6, ,74.3, ,2
58.8, ,56.4, ,56.4, ,2
67.0, ,62.5, ,63.99, ,1
69.0, ,67.5, ,65.86, ,3
59.0, ,55.1, ,56.61, ,1
64.8, ,61.5, ,61.81, ,2
61.0, ,60.1, ,58.45, ,3
99.9, ,96.2, ,94.49, ,3
62.7, ,59.7, ,59.81, ,2
60.2, ,58.0, ,57.63, ,2
76.1, ,71.5, ,72.12, ,2
77.3, ,72.4, ,73.38, ,2
58.0, ,54.4, ,55.57, ,2
46.5, ,44.5, ,44.79, ,2
63.0, ,60.0, ,60.16, ,2
60.0, ,55.0, ,57.59, ,1
86.0, ,79.2, ,81.48, ,1
69.7, ,67.0, ,66.49, ,2
62.0, ,59.2, ,59.37, ,2
72.9, ,69.5, ,69.44, ,2
44.9, ,43.4, ,43.25, ,2
50.9, ,49.6, ,48.9, ,2
69.4, ,65.2, ,66.26, ,2
77.5, ,74.5, ,73.6, ,2
69.0, ,65.8, ,65.56, ,2
59.2, ,56.3, ,56.75, ,2
62.3, ,59.3, ,59.49, ,2
70.0, ,67.0, ,66.83, ,2
67.4, ,65.0, ,64.1, ,2
59.5, ,56.4, ,56.78, ,2
107.0, ,101.2, ,101.19, ,2
65.0, ,62.3, ,61.92, ,2
57.1, ,55.4, ,54.71, ,2
60.1, ,57.0, ,57.59, ,2
88.3, ,82.0, ,83.65, ,1
63.7, ,60.3, ,60.79, ,2
48.8, ,46.3, ,47.01, ,2
61.1, ,58.9, ,58.51, ,2
72.3, ,68.7, ,68.48, ,2
67.3, ,65.0, ,63.91, ,2
49.0, ,46.0, ,47.17, ,2
78.7, ,73.9, ,74.49, ,2
59.7, ,58.1, ,57.02, ,2
45.5, ,43.5, ,43.86, ,2
86.0, ,81.8, ,81.4, ,2
76.0, ,73.0, ,72.23, ,2
60.7, ,58.7, ,58.15, ,2
60.4, ,58.5, ,57.86, ,2
78.0, ,74.0, ,73.95, ,2
68.7, ,65.0, ,65.45, ,2
63.0, ,58.0, ,60.32, ,1
69.7, ,67.3, ,66.42, ,2
64.5, ,61.9, ,61.67, ,2
87.7, ,83.2, ,82.96, ,2
57.0, ,54.2, ,54.64, ,2
58.4, ,57.0, ,55.91, ,2
82.0, ,77.7, ,77.73, ,2
65.0, ,62.0, ,62.22, ,2
58.2, ,53.9, ,55.57, ,1
65.2, ,62.8, ,62.26, ,2
66.6, ,64.0, ,63.4, ,2
51.7, ,49.6, ,49.54, ,2
53.0, ,49.9, ,50.88, ,2
72.1, ,66.5, ,68.8, ,1
47.0, ,45.2, ,45.29, ,2
69.0, ,64.7, ,65.63, ,2
70.4, ,66.5, ,67.12, ,2
61.5, ,57.0, ,58.78, ,1
64.5, ,59.1, ,61.55, ,1
53.0, ,50.9, ,50.89, ,2
48.8, ,46.4, ,46.85, ,2
55.0, ,52.8, ,52.79, ,2
61.1, ,56.1, ,58.39, ,1
63.0, ,60.5, ,60.28, ,2
58.0, ,54.5, ,55.28, ,2
74.9, ,69.9, ,70.84, ,2
55.0, ,52.1, ,52.76, ,2
76.8, ,75.5, ,72.97, ,3
88.2, ,83.7, ,83.53, ,2
105.0, ,95.5, ,99.21, ,1
84.3, ,80.7, ,79.88, ,2
66.0, ,63.5, ,63.04, ,2
71.0, ,68.5, ,67.81, ,2
62.8, ,60.0, ,60.14, ,2
78.4, ,72.6, ,74.3, ,1
60.5, ,58.5, ,57.95, ,2
65.3, ,62.5, ,62.59, ,2
59.0, ,55.3, ,56.38, ,2
87.5, ,81.4, ,82.82, ,1
77.8, ,72.4, ,73.7, ,1
53.7, ,51.3, ,51.67, ,2
59.2, ,55.8, ,56.74, ,2
75.0, ,70.6, ,71.17, ,2
61.5, ,57.0, ,58.8, ,1
92.0, ,88.0, ,86.99, ,2
57.3, ,55.7, ,54.84, ,2
58.7, ,54.7, ,56.37, ,1
59.8, ,57.3, ,57.19, ,2
78.6, ,72.7, ,74.51, ,1
66.0, ,63.5, ,62.86, ,2
49.5, ,47.0, ,47.67, ,2
52.3, ,51.9, ,50.3, ,3
71.2, ,68.4, ,67.99, ,2
48.0, ,46.8, ,46.28, ,2
56.0, ,53.5, ,53.68, ,2
51.0, ,47.8, ,48.97, ,2
81.0, ,76.3, ,76.87, ,2
92.0, ,86.6, ,87.24, ,2
52.0, ,47.8, ,49.97, ,1
48.3, ,45.9, ,46.52, ,2
50.4, ,50.1, ,48.51, ,3
59.4, ,57.7, ,56.91, ,2
58.4, ,57.3, ,56.04, ,3
67.7, ,64.9, ,64.75, ,2
68.7, ,66.0, ,65.56, ,2
71.0, ,67.1, ,67.57, ,2
54.9, ,53.5, ,52.62, ,2
59.2, ,57.2, ,56.8, ,2
52.4, ,52.0, ,50.32, ,3
65.1, ,62.8, ,62.19, ,2
85.0, ,79.0, ,80.46, ,1
61.0, ,58.3, ,58.28, ,2
56.5, ,54.4, ,54.17, ,2
50.0, ,48.8, ,48.21, ,2
69.5, ,66.1, ,66.0, ,2
72.2, ,70.0, ,68.73, ,3
67.0, ,61.9, ,63.7, ,1
70.0, ,68.0, ,66.54, ,3
59.9, ,56.6, ,57.45, ,2
52.4, ,51.9, ,50.37, ,3
51.0, ,47.5, ,49.08, ,1
60.6, ,58.4, ,57.92, ,2
48.0, ,46.5, ,46.12, ,2
47.8, ,47.0, ,46.07, ,2
69.8, ,66.4, ,66.52, ,2
57.9, ,55.9, ,55.53, ,2
81.6, ,77.8, ,77.28, ,2
69.1, ,65.6, ,65.98, ,2
51.1, ,50.0, ,49.07, ,2
64.8, ,61.0, ,61.82, ,2
71.0, ,68.0, ,67.71, ,2
58.0, ,54.0, ,55.36, ,1
50.5, ,50.0, ,48.53, ,3
65.0, ,61.0, ,61.93, ,2
58.0, ,55.2, ,55.37, ,2
62.3, ,60.0, ,59.57, ,2
66.6, ,63.6, ,63.65, ,2
68.5, ,65.0, ,65.22, ,2
50.8, ,49.0, ,48.77, ,2
62.0, ,59.0, ,59.29, ,2
52.0, ,50.0, ,49.97, ,2
49.0, ,48.7, ,47.18, ,3
59.5, ,56.6, ,57.07, ,2
61.0, ,57.0, ,58.38, ,1
73.0, ,69.0, ,69.07, ,2
52.0, ,47.5, ,49.95, ,1
49.7, ,45.5, ,47.79, ,1
67.3, ,65.3, ,64.18, ,2
61.9, ,59.7, ,58.95, ,2
54.0, ,50.5, ,51.62, ,2
67.0, ,65.5, ,63.98, ,3
64.0, ,60.2, ,61.26, ,2
97.0, ,91.2, ,91.88, ,2
90.9, ,86.0, ,86.09, ,2
59.8, ,56.3, ,57.28, ,2
76.3, ,72.1, ,72.43, ,2
62.0, ,59.3, ,59.19, ,2
72.0, ,69.8, ,68.52, ,3
65.0, ,61.5, ,62.09, ,2
58.4, ,56.5, ,56.05, ,2
61.0, ,57.5, ,58.22, ,2
61.2, ,60.6, ,58.66, ,3
80.7, ,76.8, ,76.39, ,2
84.6, ,79.8, ,80.11, ,2
62.0, ,58.5, ,59.23, ,2
63.9, ,61.7, ,61.01, ,2
78.0, ,73.5, ,73.84, ,2
91.2, ,85.4, ,86.18, ,2
63.4, ,60.8, ,60.75, ,2
80.0, ,75.5, ,75.75, ,2
50.7, ,48.0, ,48.81, ,2
64.3, ,60.7, ,61.48, ,2
68.0, ,64.6, ,64.9, ,2
57.5, ,54.2, ,55.15, ,2
73.2, ,69.5, ,69.88, ,2
55.0, ,52.2, ,52.9, ,2
61.5, ,60.4, ,58.89, ,3
103.0, ,98.2, ,97.46, ,2
54.9, ,52.9, ,52.7, ,2
52.5, ,50.5, ,50.44, ,2
73.2, ,68.5, ,69.59, ,2
49.7, ,48.2, ,47.76, ,2
67.0, ,65.3, ,63.95, ,3
78.0, ,74.5, ,73.9, ,2
61.0, ,59.0, ,58.39, ,2
59.0, ,56.1, ,56.52, ,2
63.3, ,60.4, ,60.52, ,2
80.2, ,75.1, ,76.05, ,2
63.0, ,59.0, ,60.4, ,1
53.4, ,50.8, ,51.31, ,2
71.8, ,68.1, ,68.37, ,2
56.7, ,55.7, ,54.37, ,3
58.6, ,56.6, ,56.17, ,2
49.1, ,46.2, ,47.29, ,2
84.5, ,79.6, ,79.94, ,2
64.3, ,60.4, ,61.54, ,2
68.1, ,64.5, ,65.09, ,2
66.2, ,63.2, ,63.24, ,2
72.7, ,67.3, ,69.01, ,1
50.3, ,46.5, ,48.36, ,1
61.0, ,59.0, ,58.19, ,2
55.0, ,51.7, ,52.83, ,2
68.4, ,62.2, ,65.27, ,1
54.6, ,52.5, ,52.35, ,2
49.3, ,47.7, ,47.34, ,2
67.0, ,63.1, ,63.88, ,2
59.8, ,54.5, ,56.87, ,1
52.5, ,49.5, ,50.49, ,2
59.0, ,58.7, ,56.53, ,3
67.4, ,64.0, ,64.3, ,2
56.8, ,53.9, ,54.52, ,2
61.0, ,58.6, ,58.4, ,2
63.9, ,61.4, ,61.07, ,2
109.0, ,104.0, ,103.1, ,2
81.3, ,77.0, ,77.17, ,2
44.5, ,42.0, ,42.93, ,2
69.3, ,66.0, ,66.29, ,2
74.5, ,71.0, ,71.01, ,2
58.8, ,55.0, ,56.45, ,1
65.0, ,61.5, ,61.82, ,2
51.0, ,49.7, ,49.01, ,2
88.2, ,82.3, ,83.47, ,2
57.5, ,55.0, ,55.12, ,2
77.4, ,72.5, ,73.46, ,2
75.4, ,71.4, ,71.45, ,2
98.0, ,93.9, ,92.77, ,2
72.7, ,69.3, ,69.29, ,2
61.3, ,58.8, ,58.53, ,2
62.9, ,60.7, ,60.3, ,2
60.8, ,57.4, ,58.02, ,2
54.2, ,51.7, ,52.1, ,2
74.9, ,69.5, ,71.43, ,1
56.0, ,54.0, ,53.74, ,2
51.4, ,50.5, ,49.37, ,2
58.7, ,55.0, ,56.4, ,1
54.0, ,50.5, ,51.82, ,1
57.3, ,56.3, ,54.96, ,3
62.4, ,59.5, ,59.58, ,2
51.9, ,49.5, ,49.99, ,2
60.6, ,57.5, ,57.92, ,2
73.6, ,71.3, ,69.63, ,3
72.5, ,69.0, ,68.87, ,2
93.0, ,84.2, ,88.05, ,1
70.0, ,67.0, ,66.95, ,2
81.2, ,77.7, ,76.94, ,2
57.6, ,54.5, ,55.21, ,2
63.7, ,63.0, ,60.92, ,3
52.2, ,50.4, ,50.17, ,2
55.3, ,52.0, ,53.04, ,2
71.6, ,68.7, ,68.16, ,2
60.0, ,57.9, ,57.57, ,2
60.0, ,56.7, ,57.4, ,2
69.0, ,66.0, ,65.86, ,2
59.7, ,57.0, ,57.03, ,2
63.0, ,61.0, ,60.22, ,2
60.8, ,58.5, ,58.02, ,2
62.2, ,58.4, ,59.5, ,2
48.0, ,45.7, ,46.2, ,2
55.0, ,52.7, ,52.66, ,2
66.5, ,63.8, ,63.63, ,2
52.0, ,50.2, ,50.0, ,2
64.5, ,62.5, ,61.62, ,2
70.6, ,65.7, ,66.98, ,1
56.8, ,55.0, ,54.37, ,2
58.0, ,55.5, ,55.55, ,2
70.0, ,66.8, ,66.75, ,2
63.7, ,61.3, ,60.8, ,2
47.5, ,45.5, ,45.84, ,2
51.9, ,50.7, ,49.94, ,2
49.4, ,48.3, ,47.47, ,2
54.5, ,52.0, ,52.42, ,2
54.6, ,51.6, ,52.49, ,2
63.2, ,62.7, ,60.2, ,3
60.0, ,56.0, ,57.49, ,1
57.0, ,53.3, ,54.56, ,1
77.8, ,75.8, ,73.62, ,3
49.3, ,47.3, ,47.34, ,2
59.0, ,55.3, ,56.48, ,2
65.9, ,61.9, ,62.94, ,2
103.2, ,96.8, ,97.85, ,2
49.2, ,47.5, ,47.42, ,2
50.4, ,48.2, ,48.43, ,2
65.4, ,61.9, ,62.61, ,2
78.8, ,74.3, ,74.66, ,2
62.0, ,57.7, ,59.24, ,1
62.0, ,59.5, ,59.25, ,2
53.6, ,50.9, ,51.54, ,2
64.1, ,61.5, ,61.23, ,2
59.8, ,59.0, ,57.11, ,3
66.0, ,61.7, ,62.93, ,1
52.0, ,49.9, ,49.97, ,2
58.1, ,54.9, ,55.68, ,2
49.0, ,47.9, ,47.06, ,2
53.7, ,52.3, ,51.63, ,2
68.0, ,65.5, ,64.89, ,2
86.3, ,80.0, ,81.7, ,1
55.5, ,54.7, ,53.19, ,3
58.8, ,56.0, ,56.34, ,2
56.1, ,55.8, ,53.7, ,3
51.0, ,48.8, ,49.01, ,2
62.3, ,60.7, ,59.69, ,2
64.5, ,61.5, ,61.36, ,2
52.5, ,50.2, ,50.36, ,2
50.2, ,47.5, ,48.22, ,2
53.3, ,51.1, ,51.18, ,2
65.0, ,62.0, ,62.17, ,2
60.0, ,57.0, ,57.52, ,2
51.7, ,49.9, ,49.68, ,2
69.6, ,65.7, ,66.27, ,2
58.0, ,56.1, ,55.69, ,2
62.0, ,60.2, ,59.39, ,2
64.7, ,59.6, ,61.66, ,1
63.0, ,61.4, ,60.16, ,3
55.6, ,53.1, ,53.37, ,2
58.5, ,57.3, ,55.98, ,3
64.5, ,62.5, ,61.54, ,2
74.0, ,72.5, ,70.73, ,3
101.5, ,97.2, ,96.01, ,2
73.1, ,68.7, ,69.41, ,2
62.4, ,61.0, ,59.79, ,3
47.9, ,45.1, ,46.09, ,2
88.0, ,81.7, ,83.32, ,1
74.2, ,70.8, ,70.19, ,2
81.6, ,77.0, ,77.27, ,2
80.3, ,75.8, ,76.35, ,2
69.1, ,64.4, ,65.92, ,1
64.5, ,61.0, ,61.7, ,2
94.1, ,92.5, ,89.06, ,3
78.5, ,75.1, ,74.44, ,2
60.4, ,58.4, ,57.78, ,2
64.9, ,64.5, ,61.95, ,3
63.6, ,60.5, ,60.74, ,2
63.0, ,58.0, ,60.3, ,1
57.0, ,53.9, ,54.64, ,2
70.7, ,66.8, ,67.49, ,2
60.3, ,56.6, ,57.82, ,1
66.8, ,64.0, ,63.85, ,2
96.3, ,89.8, ,91.02, ,1
82.8, ,75.9, ,78.53, ,1
58.2, ,57.1, ,55.82, ,3
52.0, ,49.9, ,49.97, ,2
56.2, ,55.1, ,53.95, ,2
64.0, ,61.5, ,61.06, ,2
66.9, ,64.0, ,64.01, ,2
60.4, ,58.4, ,57.71, ,2
63.4, ,62.1, ,60.62, ,3
67.0, ,63.9, ,64.11, ,2
62.7, ,60.4, ,59.95, ,2
79.2, ,76.4, ,75.14, ,3
57.0, ,54.6, ,54.63, ,2
65.3, ,62.2, ,62.53, ,2
66.0, ,62.5, ,63.04, ,2
75.0, ,71.6, ,71.12, ,2
50.6, ,49.9, ,48.58, ,3
58.6, ,55.7, ,56.14, ,2
58.7, ,56.5, ,56.03, ,2
60.5, ,55.8, ,57.89, ,1
74.6, ,70.0, ,70.97, ,2
68.0, ,62.6, ,64.86, ,1
55.0, ,52.0, ,52.67, ,2
72.5, ,69.0, ,69.34, ,2
60.4, ,57.6, ,57.85, ,2
54.0, ,50.7, ,51.86, ,2
51.4, ,48.7, ,49.29, ,2
57.7, ,54.9, ,55.32, ,2
82.0, ,76.8, ,77.62, ,2
65.0, ,61.5, ,61.9, ,2
68.9, ,64.8, ,65.97, ,2
102.2, ,97.0, ,96.89, ,2
54.0, ,50.5, ,51.88, ,1
52.8, ,51.2, ,50.61, ,2
70.7, ,66.7, ,67.42, ,2
53.0, ,50.8, ,50.93, ,2
42.5, ,41.1, ,40.9, ,2
108.4, ,105.0, ,102.54, ,3
90.1, ,86.6, ,85.19, ,3
63.0, ,60.2, ,60.4, ,2
60.4, ,57.9, ,57.9, ,2
81.5, ,75.9, ,77.18, ,1
69.0, ,64.4, ,66.01, ,1
76.0, ,72.0, ,72.06, ,2
51.0, ,49.5, ,49.05, ,2
85.0, ,77.7, ,80.46, ,1
64.5, ,61.6, ,61.55, ,2
64.0, ,60.2, ,61.11, ,2
67.3, ,64.3, ,64.22, ,2
55.0, ,52.5, ,52.57, ,2
58.0, ,55.4, ,55.26, ,2
90.0, ,85.9, ,85.09, ,2
54.0, ,52.3, ,51.91, ,2
56.9, ,55.3, ,54.58, ,2
61.9, ,59.5, ,59.36, ,2
57.0, ,55.8, ,54.62, ,2
51.4, ,49.3, ,49.45, ,2
75.0, ,71.9, ,71.63, ,2
59.5, ,55.8, ,57.01, ,1
67.4, ,63.7, ,64.43, ,2
63.2, ,60.5, ,60.33, ,2
63.5, ,60.5, ,60.76, ,2
63.5, ,62.2, ,60.7, ,3
52.0, ,49.3, ,49.95, ,2
76.0, ,71.5, ,72.02, ,2
68.4, ,66.2, ,65.23, ,2
58.6, ,56.5, ,55.92, ,2
57.3, ,56.6, ,55.01, ,3
82.0, ,78.5, ,77.53, ,2
66.2, ,63.0, ,63.49, ,2
58.8, ,55.1, ,56.38, ,1
65.0, ,61.1, ,62.12, ,2
57.7, ,55.0, ,55.42, ,2
64.8, ,62.7, ,62.12, ,2
53.0, ,50.1, ,50.94, ,2
76.0, ,70.7, ,72.05, ,1
63.5, ,59.0, ,60.66, ,1
66.7, ,64.0, ,63.54, ,2
73.0, ,68.6, ,69.25, ,2
90.0, ,86.6, ,85.2, ,3
72.0, ,69.4, ,68.41, ,2
65.6, ,61.6, ,62.61, ,2
57.0, ,56.2, ,54.74, ,3
55.0, ,52.8, ,52.74, ,2
69.4, ,64.8, ,66.3, ,1
78.0, ,76.1, ,73.98, ,3
56.0, ,54.4, ,53.61, ,2
59.0, ,56.5, ,56.62, ,2
62.0, ,59.6, ,59.16, ,2
71.6, ,67.9, ,68.22, ,2
55.2, ,54.3, ,52.9, ,3
63.3, ,60.3, ,60.64, ,2
72.0, ,70.7, ,68.42, ,3
62.9, ,58.6, ,59.7, ,2
56.0, ,54.2, ,53.75, ,2
49.1, ,48.5, ,47.29, ,3
71.6, ,68.0, ,67.76, ,2
71.5, ,67.3, ,67.95, ,2
64.5, ,60.9, ,61.6, ,2
67.5, ,64.0, ,64.28, ,2
71.9, ,67.9, ,68.54, ,2
62.8, ,59.0, ,59.98, ,2
56.6, ,54.3, ,54.28, ,2
79.8, ,75.2, ,76.0, ,2
59.5, ,57.0, ,56.87, ,2
91.0, ,85.3, ,86.34, ,2
67.0, ,64.5, ,64.06, ,2
84.8, ,77.8, ,80.3, ,1
56.2, ,52.5, ,54.03, ,1
95.0, ,87.6, ,89.79, ,1
60.4, ,58.2, ,57.83, ,2
60.5, ,57.9, ,57.89, ,2
53.0, ,51.5, ,50.91, ,2
68.0, ,65.3, ,64.99, ,2
73.0, ,70.0, ,69.48, ,2
56.4, ,55.4, ,54.19, ,3
62.0, ,58.5, ,59.33, ,2
89.0, ,82.8, ,84.31, ,1
55.3, ,52.4, ,53.07, ,2
48.0, ,47.0, ,46.15, ,2
68.4, ,65.2, ,65.4, ,2
56.2, ,53.0, ,53.94, ,2
68.5, ,62.5, ,65.49, ,1
53.4, ,50.4, ,51.31, ,2
58.0, ,56.0, ,55.5, ,2
80.2, ,75.8, ,76.05, ,2
64.0, ,59.7, ,61.15, ,1
72.6, ,68.7, ,69.04, ,2
87.5, ,82.7, ,82.89, ,2
55.0, ,52.0, ,52.74, ,2
71.0, ,68.9, ,67.82, ,2
62.0, ,60.0, ,59.1, ,2
55.9, ,54.0, ,53.78, ,2
60.4, ,58.0, ,57.81, ,2
56.0, ,53.5, ,53.77, ,2
50.0, ,48.6, ,48.09, ,2
73.6, ,70.5, ,69.86, ,2
43.5, ,40.5, ,42.0, ,1
51.0, ,49.1, ,48.99, ,2
65.0, ,58.5, ,62.1, ,1
60.0, ,57.8, ,57.51, ,2
88.8, ,84.9, ,84.13, ,2
58.4, ,55.0, ,55.92, ,2
63.5, ,60.7, ,60.81, ,2
88.7, ,82.4, ,84.08, ,1
52.0, ,49.7, ,49.98, ,2
68.0, ,63.5, ,64.7, ,1
66.0, ,63.8, ,62.8, ,2
68.0, ,67.0, ,65.08, ,3
65.3, ,63.6, ,62.45, ,2
64.0, ,62.0, ,61.16, ,2
86.0, ,81.4, ,81.38, ,2
57.7, ,56.0, ,55.26, ,2
56.2, ,53.2, ,53.96, ,2
46.9, ,45.1, ,45.16, ,2
74.6, ,71.0, ,70.96, ,2
68.0, ,66.5, ,64.84, ,3
50.5, ,49.5, ,48.63, ,2
48.7, ,47.0, ,46.89, ,2
70.0, ,67.4, ,66.89, ,2
57.0, ,54.5, ,54.67, ,2
64.5, ,61.2, ,61.45, ,2
64.7, ,63.3, ,61.63, ,3
69.3, ,66.1, ,66.08, ,2
54.0, ,52.5, ,51.88, ,2
53.6, ,50.4, ,51.48, ,2
68.0, ,66.3, ,64.96, ,3
69.2, ,65.9, ,66.0, ,2
62.2, ,57.7, ,59.51, ,1
60.6, ,57.3, ,57.9, ,2
61.3, ,58.0, ,58.49, ,2
78.0, ,74.0, ,73.96, ,2
63.5, ,61.5, ,60.84, ,2
64.7, ,59.0, ,61.82, ,1
61.2, ,58.4, ,58.62, ,2
67.0, ,64.8, ,63.88, ,2
92.0, ,88.7, ,87.1, ,3
89.0, ,83.4, ,84.29, ,2
66.5, ,65.2, ,63.6, ,3
57.0, ,53.0, ,54.71, ,1
53.5, ,49.2, ,51.37, ,1
76.4, ,73.4, ,72.46, ,2
63.2, ,61.6, ,60.35, ,3
68.0, ,64.8, ,64.95, ,2
81.0, ,76.0, ,76.8, ,2
54.2, ,51.8, ,52.15, ,2
75.0, ,70.0, ,71.46, ,1
45.7, ,43.5, ,44.04, ,2
61.8, ,59.8, ,59.13, ,2
68.0, ,65.2, ,64.9, ,2
61.5, ,58.8, ,59.07, ,2
68.0, ,64.0, ,65.14, ,2
56.4, ,54.4, ,54.16, ,2
48.7, ,48.0, ,46.84, ,2
80.0, ,77.0, ,75.76, ,3
95.3, ,89.6, ,90.13, ,2
64.3, ,61.3, ,61.46, ,2
62.5, ,59.6, ,59.64, ,2
72.7, ,68.5, ,69.36, ,2
74.0, ,70.6, ,70.1, ,2
53.0, ,52.3, ,50.97, ,3
56.4, ,54.9, ,54.07, ,2
57.8, ,56.1, ,55.45, ,2
58.6, ,56.9, ,56.12, ,2
53.5, ,51.1, ,51.35, ,2
75.1, ,71.3, ,71.14, ,2
69.0, ,68.0, ,65.85, ,3
89.5, ,85.0, ,84.72, ,2
75.5, ,71.0, ,71.89, ,2
55.5, ,53.7, ,53.14, ,2
65.8, ,62.0, ,62.89, ,2
56.3, ,54.1, ,53.94, ,2
57.5, ,55.4, ,55.02, ,2
61.2, ,57.1, ,58.6, ,1
72.2, ,69.9, ,68.77, ,2
60.0, ,57.0, ,57.21, ,2
67.2, ,62.6, ,64.09, ,1
60.0, ,57.5, ,57.4, ,2
53.5, ,52.5, ,51.39, ,2
55.4, ,53.3, ,53.13, ,2
62.2, ,59.5, ,59.57, ,2
61.0, ,57.3, ,58.38, ,2
52.8, ,50.9, ,50.78, ,2
78.5, ,73.8, ,74.31, ,2
68.0, ,65.0, ,65.04, ,2
74.3, ,69.6, ,70.41, ,2
53.0, ,50.7, ,51.01, ,2
70.4, ,64.3, ,67.18, ,1
73.7, ,71.0, ,69.71, ,3
67.5, ,63.7, ,64.26, ,2
86.9, ,80.5, ,82.4, ,1
62.8, ,59.0, ,59.92, ,2
73.6, ,68.0, ,70.02, ,1
67.0, ,62.5, ,63.87, ,1
82.1, ,76.2, ,77.67, ,1
53.1, ,52.3, ,50.89, ,3
100.0, ,97.9, ,94.68, ,3
71.0, ,65.9, ,67.48, ,1
69.5, ,65.8, ,65.99, ,2
72.9, ,68.6, ,69.1, ,2
55.5, ,52.7, ,53.19, ,2
74.0, ,69.8, ,70.18, ,2
52.5, ,50.9, ,50.47, ,2
91.0, ,83.6, ,86.28, ,1
52.0, ,50.0, ,49.98, ,2
52.5, ,51.0, ,50.29, ,2
58.0, ,54.5, ,55.6, ,2
62.0, ,59.0, ,59.29, ,2
62.5, ,60.3, ,59.77, ,2
58.5, ,55.8, ,55.88, ,2
54.0, ,51.5, ,51.93, ,2
52.9, ,50.8, ,50.86, ,2
65.0, ,61.1, ,62.05, ,2
62.0, ,60.2, ,59.31, ,2
55.4, ,52.0, ,52.92, ,2
64.7, ,63.3, ,61.97, ,3
61.0, ,58.3, ,58.45, ,2
88.0, ,81.5, ,83.33, ,1
58.4, ,56.7, ,55.89, ,2
69.1, ,65.0, ,65.89, ,2
62.5, ,60.0, ,59.63, ,2
59.3, ,55.2, ,56.55, ,1
48.0, ,45.9, ,46.26, ,2
52.4, ,52.3, ,50.37, ,3
69.0, ,65.0, ,65.62, ,2
71.8, ,69.7, ,68.21, ,3
52.7, ,51.4, ,50.66, ,2
56.5, ,55.0, ,54.22, ,2
53.6, ,51.4, ,51.41, ,2
59.4, ,55.5, ,57.03, ,1
85.4, ,80.0, ,80.92, ,2
53.1, ,51.6, ,51.0, ,2
60.5, ,59.5, ,57.81, ,3
47.5, ,44.9, ,45.73, ,2
60.5, ,55.5, ,57.82, ,1
68.7, ,65.6, ,65.43, ,2
65.0, ,60.5, ,62.22, ,1
52.2, ,50.0, ,50.19, ,2
69.0, ,66.0, ,66.01, ,2
56.8, ,55.3, ,54.41, ,2
59.0, ,56.5, ,56.56, ,2
76.0, ,72.9, ,72.36, ,2
57.2, ,54.4, ,54.84, ,2
49.8, ,47.3, ,47.87, ,2
61.0, ,57.9, ,58.45, ,2
69.0, ,63.6, ,65.91, ,1
64.5, ,62.4, ,61.63, ,2
48.4, ,46.5, ,46.58, ,2
52.0, ,49.9, ,49.97, ,2
53.3, ,51.4, ,51.2, ,2
68.4, ,65.5, ,65.21, ,2
50.0, ,47.9, ,48.05, ,2
76.5, ,72.9, ,72.87, ,2
74.0, ,69.0, ,70.38, ,1
62.5, ,60.0, ,59.7, ,2
75.8, ,72.0, ,71.84, ,2
66.0, ,61.4, ,62.7, ,1
59.0, ,55.4, ,56.42, ,2
65.0, ,62.4, ,62.25, ,2
72.7, ,67.6, ,69.38, ,1
56.0, ,53.5, ,53.82, ,2
65.3, ,62.2, ,62.51, ,2
69.8, ,67.0, ,66.67, ,2
61.0, ,59.0, ,58.33, ,2
46.1, ,45.6, ,44.41, ,2
71.5, ,67.4, ,68.11, ,2
60.9, ,59.5, ,58.38, ,2
64.0, ,59.9, ,61.14, ,1
65.0, ,61.3, ,62.11, ,2
66.5, ,62.4, ,63.54, ,2
87.0, ,85.2, ,82.5, ,3
79.4, ,75.9, ,75.25, ,2
52.0, ,48.9, ,49.96, ,2
72.4, ,68.7, ,69.05, ,2
87.0, ,82.2, ,82.36, ,2
60.2, ,57.1, ,57.67, ,2
58.5, ,56.5, ,55.88, ,2
47.0, ,46.3, ,45.25, ,2
62.5, ,60.5, ,59.71, ,2
60.3, ,56.3, ,57.65, ,1
52.5, ,51.3, ,50.47, ,2
62.0, ,59.7, ,59.23, ,2
51.0, ,48.3, ,49.0, ,2
60.7, ,57.5, ,58.04, ,2
68.0, ,62.5, ,64.83, ,1
58.0, ,54.8, ,55.6, ,2
62.9, ,61.0, ,59.84, ,2
65.1, ,62.8, ,62.24, ,2
48.0, ,46.6, ,46.17, ,2
58.6, ,57.0, ,56.22, ,2
57.1, ,54.3, ,54.74, ,2
54.0, ,51.3, ,51.84, ,2
49.0, ,47.8, ,47.16, ,2
58.8, ,56.5, ,56.29, ,2
61.0, ,56.1, ,58.38, ,1
68.5, ,65.0, ,65.44, ,2
72.4, ,68.0, ,68.99, ,2
71.0, ,68.5, ,67.72, ,2
70.0, ,65.7, ,66.69, ,2
53.0, ,51.8, ,50.82, ,2
75.4, ,73.0, ,71.83, ,2
52.0, ,50.7, ,49.96, ,2
64.0, ,61.0, ,61.0, ,2
68.0, ,64.0, ,64.73, ,2
57.0, ,52.6, ,54.53, ,1
65.5, ,61.3, ,62.68, ,1
63.6, ,61.6, ,60.48, ,2
82.2, ,77.7, ,77.88, ,2
90.1, ,86.7, ,85.26, ,3
62.3, ,59.1, ,59.5, ,2
57.5, ,53.5, ,55.21, ,1
87.0, ,82.0, ,82.38, ,2
69.0, ,64.5, ,65.89, ,1
61.7, ,59.2, ,59.12, ,2
72.0, ,67.5, ,68.72, ,1
95.9, ,91.0, ,90.91, ,2
68.0, ,63.6, ,64.73, ,2
64.6, ,60.7, ,61.65, ,2
70.0, ,66.3, ,66.42, ,2
54.0, ,51.1, ,51.88, ,2
57.6, ,55.0, ,55.4, ,2
68.0, ,66.0, ,64.62, ,3
50.3, ,49.3, ,48.33, ,2
68.8, ,66.9, ,65.55, ,3
57.0, ,54.0, ,54.68, ,2
53.7, ,51.0, ,51.65, ,2
61.7, ,59.2, ,59.11, ,2
68.6, ,65.0, ,65.57, ,2
63.3, ,59.0, ,60.49, ,1
52.0, ,51.0, ,49.98, ,2
57.8, ,56.3, ,55.33, ,2
65.1, ,62.5, ,62.02, ,2
78.2, ,75.3, ,74.16, ,2
97.0, ,91.2, ,91.86, ,2
71.9, ,66.5, ,68.45, ,1
75.3, ,71.8, ,71.63, ,2
68.0, ,61.5, ,64.84, ,1
78.0, ,68.7, ,73.99, ,1
70.0, ,66.5, ,66.79, ,2
79.5, ,75.5, ,75.46, ,2
58.0, ,55.7, ,55.58, ,2
53.3, ,51.0, ,51.23, ,2
71.2, ,67.5, ,67.85, ,2
56.0, ,53.0, ,53.71, ,2
66.2, ,62.3, ,63.45, ,2
70.5, ,66.2, ,67.34, ,2
68.2, ,64.4, ,65.25, ,2
67.0, ,63.3, ,63.84, ,2
62.9, ,59.8, ,60.14, ,2
79.1, ,76.6, ,75.0, ,3
70.0, ,65.5, ,66.62, ,2
64.0, ,63.0, ,61.25, ,3
57.2, ,53.2, ,54.89, ,1
71.0, ,69.0, ,67.48, ,3
82.9, ,80.4, ,78.63, ,3
56.8, ,54.7, ,54.52, ,2
70.8, ,65.2, ,67.68, ,1
62.8, ,60.4, ,60.07, ,2
57.2, ,55.5, ,54.86, ,2
46.7, ,45.4, ,44.92, ,2
81.0, ,76.0, ,76.97, ,2
78.6, ,75.2, ,74.49, ,2
89.7, ,82.3, ,84.82, ,1
76.0, ,71.2, ,72.24, ,2
67.7, ,64.2, ,64.72, ,2
60.0, ,56.5, ,57.48, ,2
65.0, ,60.1, ,62.09, ,1
91.0, ,84.5, ,86.28, ,1
62.8, ,59.2, ,59.93, ,2
59.4, ,56.2, ,56.97, ,2
58.0, ,54.8, ,55.55, ,2
49.1, ,46.5, ,47.2, ,2
58.2, ,55.8, ,55.68, ,2
51.0, ,48.5, ,48.99, ,2
55.8, ,52.8, ,53.51, ,2
101.0, ,96.0, ,95.59, ,2
76.5, ,71.0, ,72.57, ,1
46.2, ,44.6, ,44.43, ,2
76.0, ,74.7, ,71.98, ,3
63.0, ,58.7, ,60.31, ,1
60.2, ,56.6, ,57.71, ,2
53.0, ,48.7, ,50.89, ,1
57.0, ,54.3, ,54.42, ,2
66.7, ,64.7, ,63.56, ,2
60.9, ,58.5, ,58.22, ,2
61.2, ,60.7, ,58.54, ,3
63.8, ,57.7, ,60.68, ,1
63.5, ,62.1, ,60.83, ,3
57.6, ,55.9, ,55.24, ,2
62.5, ,61.0, ,59.8, ,2
80.0, ,77.2, ,75.77, ,3
51.5, ,50.3, ,49.49, ,2
72.5, ,68.0, ,69.12, ,2
66.0, ,62.4, ,63.03, ,2
56.0, ,53.0, ,53.83, ,2
61.5, ,59.7, ,58.72, ,2
50.2, ,47.5, ,48.31, ,2
61.0, ,57.1, ,58.34, ,1
63.6, ,60.2, ,60.76, ,2
53.6, ,51.4, ,51.56, ,2
62.0, ,57.8, ,59.28, ,1
68.7, ,66.1, ,65.44, ,2
58.0, ,54.8, ,55.51, ,2
68.0, ,64.7, ,64.93, ,2
64.3, ,60.2, ,61.59, ,1
52.4, ,51.1, ,50.31, ,2
98.4, ,94.7, ,93.15, ,3
51.5, ,48.9, ,49.5, ,2
88.0, ,83.0, ,83.51, ,2
61.8, ,58.0, ,59.06, ,2
79.3, ,74.9, ,75.28, ,2
49.0, ,48.5, ,47.12, ,3
65.7, ,62.1, ,62.79, ,2
58.0, ,56.0, ,55.43, ,2
64.0, ,60.6, ,61.04, ,2
87.0, ,83.6, ,82.32, ,3
50.0, ,47.4, ,48.09, ,2
66.5, ,65.0, ,63.38, ,3
80.5, ,78.5, ,76.48, ,3
70.5, ,67.0, ,67.15, ,2
74.5, ,71.0, ,70.82, ,2
67.8, ,65.6, ,64.76, ,2
63.9, ,60.3, ,61.01, ,2
66.0, ,61.7, ,62.87, ,2
75.0, ,71.1, ,71.06, ,2
63.9, ,60.7, ,61.05, ,2
56.0, ,53.5, ,53.84, ,2
68.0, ,64.0, ,64.89, ,2
68.0, ,67.6, ,64.89, ,3
66.0, ,60.6, ,62.87, ,1
66.0, ,61.9, ,62.98, ,2
56.0, ,52.9, ,53.46, ,2
73.8, ,72.7, ,70.2, ,3
53.0, ,49.6, ,50.96, ,1
87.0, ,81.7, ,82.56, ,2
75.0, ,71.2, ,71.39, ,2
50.5, ,47.4, ,48.55, ,2
66.9, ,62.8, ,64.11, ,1
57.7, ,54.9, ,55.39, ,2
55.5, ,51.2, ,53.24, ,1
83.3, ,77.5, ,78.93, ,1
56.8, ,53.2, ,54.52, ,1
65.2, ,61.5, ,62.33, ,2
56.0, ,52.7, ,53.76, ,2
58.0, ,57.0, ,55.51, ,3
65.0, ,60.7, ,62.01, ,1
66.0, ,64.4, ,62.99, ,3
65.2, ,62.4, ,62.43, ,2
57.4, ,55.0, ,54.98, ,2
49.4, ,47.4, ,47.54, ,2
69.3, ,67.2, ,66.09, ,2
82.0, ,79.7, ,77.84, ,3
67.4, ,63.7, ,64.4, ,2
58.5, ,57.5, ,56.15, ,3
55.4, ,53.3, ,53.2, ,2
64.2, ,62.3, ,61.51, ,2
56.0, ,53.8, ,53.69, ,2
56.4, ,53.5, ,54.1, ,2
64.5, ,59.7, ,61.75, ,1
77.0, ,72.9, ,73.38, ,2
60.0, ,56.0, ,57.4, ,1
56.3, ,52.9, ,54.03, ,2
100.5, ,95.7, ,95.27, ,2
70.4, ,65.7, ,66.81, ,2
48.9, ,46.8, ,47.15, ,2
63.5, ,60.8, ,60.68, ,2
50.9, ,48.3, ,48.96, ,2
53.6, ,51.6, ,51.52, ,2
70.0, ,65.2, ,66.83, ,1
56.5, ,54.2, ,54.22, ,2
48.0, ,46.5, ,46.14, ,2
85.7, ,81.5, ,81.2, ,2
80.0, ,76.1, ,75.67, ,2
63.0, ,58.7, ,60.31, ,1
81.3, ,77.3, ,77.1, ,2
84.7, ,78.4, ,80.28, ,1
60.2, ,58.6, ,57.7, ,2
62.8, ,59.5, ,60.17, ,2
60.0, ,56.8, ,57.33, ,2
60.3, ,58.4, ,57.58, ,2
63.3, ,58.7, ,60.47, ,1
84.7, ,78.5, ,80.38, ,1
67.0, ,61.3, ,63.89, ,1
50.0, ,48.0, ,48.14, ,2
56.5, ,53.6, ,54.27, ,2
62.9, ,60.1, ,60.09, ,2
63.2, ,58.8, ,60.45, ,1
48.6, ,48.0, ,46.77, ,3
61.0, ,57.0, ,58.39, ,1
50.2, ,47.5, ,48.22, ,2
62.0, ,58.9, ,59.17, ,2
52.0, ,51.0, ,49.99, ,2
55.8, ,52.8, ,53.43, ,2
83.7, ,78.7, ,79.52, ,2
54.5, ,52.4, ,52.41, ,2
70.9, ,69.4, ,67.82, ,3
65.5, ,60.5, ,62.53, ,1
78.5, ,75.0, ,74.47, ,2
79.0, ,75.6, ,74.85, ,2
75.5, ,71.5, ,71.46, ,2
77.2, ,72.9, ,73.68, ,2
53.1, ,50.9, ,51.02, ,2
61.7, ,56.7, ,58.89, ,1
90.0, ,86.0, ,85.2, ,2
56.7, ,55.1, ,54.32, ,2
66.0, ,62.2, ,63.08, ,2
72.5, ,69.5, ,69.37, ,2
50.7, ,49.5, ,48.74, ,2
89.7, ,84.3, ,84.96, ,2
51.5, ,48.1, ,49.52, ,1
63.5, ,59.4, ,60.71, ,1
49.5, ,47.2, ,47.69, ,2
61.5, ,58.8, ,58.93, ,2
52.7, ,49.4, ,50.62, ,1
54.0, ,51.0, ,51.92, ,2
55.5, ,53.3, ,53.2, ,2
68.1, ,66.3, ,65.13, ,2
80.0, ,75.0, ,75.77, ,2
63.0, ,61.2, ,60.32, ,2
55.5, ,53.4, ,53.26, ,2
61.2, ,58.1, ,58.64, ,2
57.0, ,54.6, ,54.56, ,2
55.6, ,53.2, ,53.48, ,2
54.7, ,53.4, ,52.68, ,2
62.0, ,59.5, ,59.32, ,2
59.7, ,57.4, ,57.2, ,2
57.0, ,54.0, ,54.66, ,2
65.0, ,62.6, ,62.1, ,2
58.5, ,54.6, ,56.01, ,1
63.0, ,61.0, ,60.21, ,2
56.0, ,54.2, ,53.75, ,2
55.3, ,54.9, ,52.97, ,3
53.3, ,52.3, ,51.23, ,2
100.3, ,95.8, ,95.01, ,2
66.6, ,63.7, ,63.65, ,2
64.0, ,60.3, ,61.22, ,2
53.0, ,51.2, ,50.95, ,2
56.4, ,55.1, ,54.01, ,2
52.0, ,49.5, ,49.93, ,2
57.8, ,54.7, ,55.42, ,2
70.0, ,66.5, ,66.88, ,2
79.0, ,75.0, ,74.91, ,2
72.3, ,71.0, ,68.46, ,3
67.5, ,63.8, ,64.5, ,2
67.7, ,65.7, ,64.43, ,3
57.1, ,56.9, ,54.8, ,3
64.0, ,60.0, ,61.2, ,2
59.3, ,57.3, ,56.74, ,2
56.7, ,52.5, ,54.25, ,1
61.4, ,58.4, ,58.74, ,2
62.3, ,60.3, ,59.65, ,2
68.0, ,65.8, ,65.03, ,2
57.0, ,54.0, ,54.72, ,2
68.0, ,63.5, ,64.95, ,1
51.4, ,48.0, ,49.52, ,1
61.6, ,58.3, ,58.99, ,2
57.6, ,55.1, ,55.16, ,2
64.0, ,61.6, ,61.26, ,2
67.0, ,65.7, ,63.86, ,3
66.6, ,63.5, ,63.65, ,2
54.5, ,53.9, ,52.13, ,3
68.0, ,63.0, ,64.67, ,1
55.2, ,53.3, ,52.98, ,2
62.3, ,58.3, ,59.55, ,1
61.0, ,57.0, ,58.44, ,1
78.0, ,74.5, ,74.17, ,2
77.0, ,73.0, ,72.99, ,2
64.0, ,61.7, ,61.19, ,2
65.3, ,62.1, ,62.4, ,2
74.4, ,69.8, ,70.8, ,2
59.0, ,57.6, ,56.51, ,2
56.0, ,52.8, ,53.77, ,2
59.5, ,56.9, ,56.94, ,2
53.0, ,50.0, ,50.92, ,2
84.6, ,81.5, ,80.38, ,2
64.4, ,62.0, ,61.51, ,2
58.0, ,56.3, ,55.53, ,2
72.4, ,67.3, ,68.81, ,1
92.4, ,87.0, ,87.51, ,2
71.5, ,68.7, ,68.13, ,2
71.0, ,67.3, ,67.73, ,2
67.4, ,61.6, ,64.01, ,1
53.7, ,51.5, ,51.61, ,2
55.0, ,53.0, ,52.93, ,2
69.0, ,64.5, ,65.83, ,1
68.8, ,65.0, ,65.83, ,2
64.5, ,61.1, ,61.55, ,2
54.0, ,52.6, ,51.84, ,2
55.7, ,53.7, ,53.49, ,2
83.2, ,77.6, ,78.84, ,1
58.4, ,55.5, ,56.0, ,2
47.0, ,44.0, ,45.23, ,1
59.7, ,55.8, ,57.34, ,1
60.0, ,56.5, ,57.46, ,2
57.0, ,52.6, ,54.61, ,1
63.0, ,60.7, ,59.98, ,2
61.4, ,58.0, ,58.83, ,2
53.0, ,51.5, ,50.84, ,2
57.0, ,55.6, ,54.59, ,2
84.6, ,81.8, ,80.09, ,3
56.0, ,54.4, ,53.73, ,2
78.0, ,76.0, ,74.06, ,3
60.8, ,59.3, ,58.27, ,2
60.0, ,57.8, ,57.36, ,2
53.4, ,50.9, ,51.21, ,2
64.1, ,61.3, ,61.02, ,2
68.3, ,65.1, ,65.06, ,2
51.0, ,49.3, ,49.01, ,2
80.0, ,74.5, ,75.75, ,1
61.0, ,56.8, ,58.46, ,1
67.5, ,65.3, ,64.29, ,2
62.0, ,58.7, ,59.22, ,2
54.5, ,51.0, ,52.22, ,1
62.0, ,58.0, ,59.15, ,2
70.0, ,66.5, ,66.29, ,2
58.0, ,56.5, ,55.49, ,2
67.3, ,65.1, ,64.01, ,2
49.6, ,48.5, ,47.77, ,2
57.6, ,54.0, ,55.41, ,1
56.4, ,54.2, ,54.03, ,2
45.8, ,44.0, ,44.17, ,2
57.2, ,55.9, ,54.76, ,2
45.8, ,43.4, ,43.98, ,2
58.1, ,56.2, ,55.77, ,2
55.1, ,52.0, ,52.92, ,2
72.0, ,68.0, ,68.66, ,2
55.0, ,53.1, ,52.72, ,2
59.2, ,57.0, ,56.53, ,2
62.8, ,60.8, ,60.0, ,2
91.0, ,86.0, ,86.13, ,2
66.5, ,64.3, ,63.61, ,2
55.0, ,52.8, ,52.67, ,2
65.6, ,62.4, ,62.81, ,2
48.6, ,46.9, ,46.69, ,2
61.0, ,58.6, ,58.26, ,2
54.5, ,50.0, ,52.41, ,1
60.0, ,54.5, ,57.34, ,1
75.2, ,73.0, ,71.43, ,3
58.1, ,55.5, ,55.5, ,2
56.0, ,55.0, ,53.72, ,3
62.6, ,59.8, ,59.7, ,2
48.0, ,46.0, ,46.19, ,2
70.7, ,67.3, ,67.48, ,2
76.0, ,72.6, ,72.01, ,2
52.0, ,50.0, ,50.0, ,2
44.0, ,41.4, ,42.46, ,2
79.2, ,75.8, ,75.11, ,2
92.5, ,87.0, ,87.61, ,2
69.0, ,66.8, ,65.84, ,2
46.4, ,45.3, ,44.77, ,2
66.2, ,63.9, ,63.26, ,2
53.0, ,50.5, ,50.91, ,2
49.5, ,48.2, ,47.57, ,2
66.7, ,64.2, ,63.76, ,2
53.0, ,51.3, ,50.97, ,2
53.4, ,52.8, ,51.36, ,3
58.7, ,57.1, ,56.28, ,2
50.6, ,49.5, ,48.66, ,2
48.5, ,46.9, ,46.72, ,2
51.1, ,48.8, ,49.11, ,2
51.7, ,51.3, ,49.7, ,3
62.0, ,59.5, ,59.23, ,2
74.1, ,72.0, ,70.19, ,3
62.0, ,60.0, ,59.29, ,2
53.3, ,51.8, ,50.96, ,2
64.7, ,59.4, ,61.89, ,1
64.0, ,59.5, ,61.05, ,1
58.3, ,55.7, ,55.95, ,2
58.0, ,54.4, ,55.61, ,1
49.5, ,46.8, ,47.56, ,2
71.1, ,68.0, ,67.72, ,2
57.2, ,54.8, ,54.9, ,2
51.0, ,49.5, ,48.98, ,2
54.0, ,53.0, ,51.82, ,2
58.0, ,56.5, ,55.75, ,2
46.7, ,45.0, ,45.08, ,2
82.0, ,75.0, ,77.68, ,1
62.5, ,59.9, ,59.71, ,2
89.0, ,81.0, ,84.26, ,1
66.5, ,63.9, ,63.63, ,2
61.2, ,59.5, ,58.45, ,2
56.6, ,55.2, ,54.33, ,2
61.4, ,58.3, ,58.72, ,2
58.0, ,56.0, ,55.49, ,2
52.0, ,49.4, ,49.94, ,2
48.3, ,46.7, ,46.37, ,2
60.4, ,58.8, ,57.76, ,2
62.8, ,60.8, ,59.95, ,2
75.0, ,69.0, ,71.15, ,1
51.2, ,48.3, ,49.24, ,2
64.3, ,60.2, ,61.3, ,2
71.0, ,67.7, ,67.42, ,2
79.0, ,76.9, ,74.83, ,3
67.5, ,64.5, ,64.45, ,2
76.0, ,71.0, ,72.36, ,1
86.0, ,81.0, ,81.35, ,2
54.9, ,53.1, ,52.68, ,2
62.0, ,58.8, ,59.18, ,2
56.5, ,54.2, ,54.25, ,2
61.8, ,59.8, ,59.2, ,2
59.5, ,56.6, ,56.7, ,2
58.5, ,55.5, ,56.1, ,2
62.3, ,61.0, ,59.71, ,3
52.5, ,50.1, ,50.44, ,2
47.5, ,45.6, ,45.77, ,2
65.8, ,63.4, ,62.86, ,2
78.2, ,75.0, ,74.1, ,2
66.1, ,64.8, ,63.23, ,3
53.2, ,51.5, ,51.12, ,2
67.1, ,64.0, ,64.19, ,2
90.4, ,84.2, ,85.45, ,1
72.2, ,69.2, ,68.97, ,2
68.0, ,64.3, ,65.07, ,2
71.0, ,67.9, ,67.57, ,2
67.6, ,65.0, ,64.68, ,2
95.2, ,89.0, ,90.03, ,2
56.2, ,53.3, ,54.06, ,2
42.0, ,40.0, ,40.52, ,2
63.1, ,59.8, ,60.48, ,2
72.0, ,68.0, ,68.58, ,2
50.4, ,47.9, ,48.45, ,2
74.9, ,72.0, ,70.93, ,2
72.1, ,67.5, ,68.9, ,1
56.0, ,54.1, ,53.86, ,2
59.5, ,57.3, ,56.99, ,2
55.1, ,52.5, ,52.94, ,2
61.0, ,59.4, ,58.27, ,2
67.7, ,66.4, ,64.7, ,3
52.4, ,50.6, ,50.46, ,2
55.7, ,52.6, ,53.34, ,2
44.1, ,43.4, ,42.59, ,2
70.0, ,66.6, ,66.84, ,2
62.0, ,59.0, ,59.22, ,2
63.0, ,60.0, ,60.19, ,2
70.0, ,67.3, ,66.67, ,2
67.0, ,63.1, ,64.1, ,2
56.2, ,51.0, ,53.96, ,1
65.4, ,62.9, ,62.49, ,2
71.0, ,68.2, ,67.53, ,2
57.9, ,55.0, ,55.62, ,2
66.6, ,62.9, ,63.56, ,2
63.0, ,60.3, ,60.25, ,2
59.5, ,57.8, ,56.99, ,2
70.0, ,66.5, ,66.87, ,2
52.0, ,50.1, ,50.01, ,2
71.4, ,65.5, ,67.93, ,1
49.0, ,46.5, ,47.22, ,2
55.6, ,53.0, ,53.47, ,2
73.6, ,71.3, ,69.68, ,3
63.6, ,60.2, ,60.78, ,2
66.0, ,62.7, ,63.18, ,2
57.0, ,55.5, ,54.61, ,2
58.7, ,54.5, ,56.18, ,1
68.0, ,66.5, ,64.88, ,3
52.7, ,50.8, ,50.7, ,2
60.0, ,57.8, ,57.29, ,2
47.2, ,46.0, ,45.53, ,2
68.0, ,59.0, ,64.95, ,1
56.5, ,53.5, ,54.21, ,2
72.0, ,68.3, ,68.28, ,2
85.3, ,81.4, ,80.81, ,2
71.6, ,67.1, ,68.33, ,1
58.0, ,56.0, ,55.67, ,2
57.3, ,53.6, ,54.84, ,1
54.0, ,51.5, ,51.87, ,2
65.8, ,63.8, ,62.93, ,2
68.8, ,65.5, ,65.68, ,2
65.0, ,60.0, ,62.29, ,1
71.0, ,67.5, ,67.41, ,2
60.2, ,59.0, ,57.45, ,3
69.0, ,65.1, ,65.86, ,2
52.0, ,50.4, ,50.0, ,2
55.0, ,54.2, ,52.79, ,3
55.5, ,52.6, ,53.2, ,2
70.0, ,67.5, ,66.64, ,2
65.0, ,61.6, ,62.29, ,2
59.5, ,57.0, ,57.03, ,2
52.0, ,47.9, ,50.01, ,1
61.7, ,60.5, ,58.82, ,3
54.3, ,53.2, ,52.21, ,2
64.5, ,63.0, ,61.9, ,2
64.0, ,61.9, ,61.22, ,2
76.3, ,74.0, ,72.4, ,3
59.0, ,53.9, ,56.52, ,1
62.0, ,59.0, ,59.23, ,2
58.0, ,55.8, ,55.59, ,2
64.0, ,58.9, ,61.07, ,1
71.4, ,67.0, ,67.74, ,2
58.0, ,56.3, ,55.26, ,2
77.7, ,72.4, ,73.55, ,2
74.6, ,71.5, ,70.99, ,2
51.4, ,49.3, ,49.5, ,2
77.0, ,67.9, ,73.14, ,1
90.0, ,84.9, ,85.32, ,2
53.5, ,51.9, ,51.3, ,2
107.1, ,104.0, ,101.21, ,3
66.6, ,63.7, ,63.62, ,2
105.0, ,99.2, ,99.26, ,2
63.9, ,61.3, ,61.08, ,2
72.0, ,68.7, ,68.54, ,2
66.0, ,63.1, ,63.05, ,2
45.1, ,42.9, ,43.55, ,2
64.5, ,62.5, ,61.58, ,2
61.8, ,59.1, ,59.06, ,2
52.0, ,49.1, ,49.94, ,2
57.0, ,54.7, ,54.57, ,2
61.8, ,59.5, ,59.14, ,2
56.0, ,53.3, ,53.72, ,2
59.3, ,57.3, ,56.89, ,2
60.5, ,58.5, ,57.98, ,2
45.0, ,43.7, ,43.23, ,2
78.0, ,74.8, ,73.96, ,2
67.5, ,64.5, ,64.41, ,2
60.9, ,57.4, ,58.26, ,2
49.1, ,46.7, ,47.18, ,2
64.8, ,61.2, ,62.03, ,2
48.2, ,47.2, ,46.41, ,2
90.2, ,88.0, ,85.52, ,3
70.0, ,67.8, ,66.79, ,2
68.2, ,65.8, ,64.94, ,2
61.0, ,59.0, ,58.47, ,2
74.5, ,70.8, ,70.58, ,2
56.0, ,54.0, ,53.75, ,2
57.0, ,54.0, ,54.65, ,2
72.2, ,68.1, ,68.82, ,2
53.0, ,51.2, ,50.85, ,2
75.1, ,70.3, ,71.52, ,1
60.5, ,57.6, ,57.9, ,2
45.5, ,45.0, ,43.75, ,3
56.5, ,53.0, ,54.18, ,2
94.0, ,87.7, ,88.94, ,1
63.0, ,58.2, ,60.11, ,1
80.5, ,74.6, ,76.32, ,1
59.5, ,57.7, ,57.02, ,2
61.5, ,58.7, ,58.89, ,2
69.0, ,66.0, ,65.58, ,2
81.4, ,79.8, ,77.27, ,3
55.0, ,53.2, ,52.71, ,2
67.6, ,64.4, ,64.54, ,2
67.0, ,61.5, ,63.96, ,1
56.3, ,52.4, ,54.12, ,1
55.0, ,53.2, ,52.79, ,2
65.9, ,65.0, ,62.93, ,3
63.8, ,61.0, ,61.06, ,2
74.0, ,71.5, ,70.3, ,3
75.8, ,72.0, ,71.65, ,2
50.7, ,49.2, ,48.73, ,2
62.8, ,60.6, ,60.05, ,2
62.0, ,58.3, ,59.1, ,2
89.8, ,85.0, ,84.97, ,2
51.6, ,48.5, ,49.57, ,2
56.0, ,51.8, ,53.82, ,1
59.0, ,56.0, ,56.44, ,2
59.5, ,57.5, ,56.95, ,2
72.2, ,68.0, ,68.52, ,2
63.2, ,61.2, ,60.19, ,2
63.0, ,58.0, ,60.09, ,1
53.5, ,50.0, ,51.45, ,1
58.5, ,56.9, ,56.15, ,2
67.3, ,64.5, ,64.16, ,2
66.6, ,63.4, ,63.59, ,2
61.6, ,57.8, ,58.95, ,2
72.2, ,67.9, ,68.55, ,2
60.5, ,57.5, ,57.93, ,2
76.3, ,73.9, ,72.48, ,3
69.2, ,67.6, ,66.03, ,3
49.3, ,46.0, ,47.41, ,1
58.0, ,55.3, ,55.57, ,2
66.8, ,62.9, ,63.89, ,2
92.2, ,87.8, ,87.42, ,2
56.0, ,53.0, ,53.72, ,2
97.1, ,92.5, ,91.9, ,2
70.1, ,65.0, ,66.85, ,1
70.9, ,68.2, ,67.46, ,2
54.2, ,53.9, ,52.11, ,3
61.0, ,60.8, ,58.47, ,3
60.0, ,57.0, ,57.43, ,2
63.0, ,58.3, ,60.1, ,1
78.0, ,77.0, ,73.91, ,3
65.5, ,60.4, ,62.65, ,1
63.0, ,60.0, ,60.1, ,2
53.8, ,52.4, ,51.65, ,2
54.7, ,53.5, ,52.51, ,2
70.1, ,67.6, ,66.86, ,2
57.0, ,54.3, ,54.61, ,2
60.5, ,56.8, ,57.88, ,2
56.0, ,53.4, ,53.76, ,2
60.1, ,57.9, ,57.48, ,2
59.0, ,56.0, ,56.54, ,2
74.4, ,71.4, ,70.59, ,2
90.7, ,86.9, ,86.12, ,2
66.8, ,65.0, ,63.81, ,2
74.6, ,72.3, ,70.61, ,3
91.0, ,87.0, ,86.11, ,2
56.3, ,54.2, ,54.07, ,2
79.0, ,74.6, ,74.91, ,2
55.0, ,53.0, ,52.81, ,2
58.0, ,54.3, ,55.38, ,2
54.4, ,53.4, ,52.41, ,2
90.6, ,84.6, ,85.71, ,2
70.0, ,68.2, ,66.78, ,3
73.1, ,69.5, ,69.27, ,2
64.0, ,61.9, ,61.21, ,2
56.0, ,54.0, ,53.69, ,2
58.0, ,52.4, ,55.7, ,1
62.4, ,59.0, ,59.61, ,2
61.1, ,57.9, ,58.51, ,2
74.0, ,68.4, ,70.09, ,1
92.0, ,89.0, ,87.14, ,3
61.0, ,58.3, ,58.62, ,2
53.7, ,51.5, ,51.6, ,2
59.3, ,56.7, ,56.82, ,2
70.2, ,65.7, ,67.0, ,1
57.0, ,54.3, ,54.66, ,2
70.0, ,66.7, ,66.92, ,2
60.2, ,56.5, ,57.51, ,2
59.8, ,57.4, ,57.38, ,2
52.1, ,50.6, ,50.1, ,2
58.9, ,56.7, ,56.37, ,2
103.0, ,101.0, ,97.34, ,3
62.3, ,57.8, ,59.6, ,1
66.6, ,64.9, ,63.52, ,3
52.5, ,50.3, ,50.47, ,2
68.7, ,65.0, ,65.4, ,2
60.1, ,58.5, ,57.65, ,2
64.2, ,61.5, ,61.36, ,2
52.3, ,49.8, ,50.3, ,2
53.0, ,52.2, ,50.8, ,3
79.0, ,76.0, ,74.95, ,2
87.0, ,81.2, ,82.51, ,1
58.1, ,56.0, ,55.61, ,2
53.9, ,52.5, ,51.87, ,2
76.0, ,71.5, ,71.99, ,2
53.5, ,52.5, ,51.41, ,2
64.0, ,58.9, ,61.15, ,1
51.0, ,50.0, ,48.97, ,2
71.5, ,68.0, ,68.03, ,2
54.0, ,50.5, ,51.79, ,1
53.8, ,52.3, ,51.75, ,2
50.8, ,48.8, ,48.77, ,2
54.9, ,53.1, ,52.77, ,2
63.0, ,60.5, ,60.28, ,2
48.1, ,46.5, ,46.37, ,2
66.1, ,62.4, ,62.79, ,2
66.0, ,61.3, ,62.93, ,1
53.9, ,52.6, ,51.8, ,2
52.3, ,49.5, ,50.22, ,2
65.0, ,62.0, ,62.02, ,2
52.7, ,51.5, ,50.58, ,2
51.3, ,48.4, ,49.31, ,2
80.1, ,78.0, ,75.99, ,3
51.7, ,50.8, ,49.66, ,2
58.0, ,54.7, ,55.6, ,2
82.2, ,78.0, ,77.95, ,2
60.0, ,58.1, ,57.59, ,2
55.4, ,52.4, ,53.21, ,2
64.0, ,61.5, ,61.1, ,2
53.6, ,52.0, ,51.42, ,2
72.7, ,66.0, ,69.14, ,1
62.0, ,60.0, ,59.34, ,2
56.0, ,53.7, ,53.85, ,2
53.0, ,51.1, ,50.94, ,2
54.0, ,53.5, ,51.9, ,3
66.1, ,62.8, ,63.19, ,2
47.5, ,46.6, ,45.72, ,2
53.1, ,52.2, ,50.98, ,3
55.1, ,53.6, ,52.95, ,2
48.0, ,45.9, ,46.14, ,2
52.5, ,48.5, ,50.45, ,1
51.1, ,48.4, ,49.08, ,2
69.0, ,65.6, ,65.65, ,2
80.7, ,78.1, ,76.48, ,3
98.9, ,93.2, ,93.65, ,2
53.5, ,51.0, ,51.37, ,2
49.0, ,47.0, ,47.04, ,2
75.4, ,68.0, ,71.48, ,1
60.9, ,57.5, ,58.23, ,2
66.7, ,63.6, ,63.62, ,2
93.0, ,84.3, ,87.96, ,1
72.8, ,69.5, ,69.09, ,2
79.3, ,74.5, ,75.06, ,2
85.0, ,80.0, ,80.57, ,2
58.4, ,56.2, ,55.96, ,2
55.6, ,53.0, ,53.27, ,2
64.4, ,60.3, ,61.48, ,2
58.0, ,54.1, ,55.58, ,1
61.9, ,58.8, ,59.3, ,2
50.5, ,49.5, ,48.55, ,2
88.4, ,83.1, ,83.72, ,2
63.0, ,60.3, ,60.36, ,2
72.7, ,70.1, ,69.13, ,2
55.6, ,53.8, ,53.38, ,2
61.1, ,60.2, ,58.38, ,3
68.9, ,67.3, ,65.89, ,3
53.4, ,51.9, ,51.27, ,2
48.4, ,47.4, ,46.58, ,2
80.0, ,73.0, ,76.23, ,1
78.0, ,75.9, ,74.15, ,3
97.1, ,90.8, ,91.86, ,2
78.4, ,72.1, ,74.28, ,1
69.4, ,66.1, ,65.92, ,2
58.5, ,56.0, ,55.97, ,2
60.8, ,59.0, ,58.28, ,2
67.0, ,64.5, ,64.11, ,2
54.8, ,52.5, ,52.72, ,2
49.0, ,47.9, ,47.25, ,2
80.5, ,75.0, ,76.31, ,1
56.6, ,53.0, ,54.36, ,1
60.0, ,57.0, ,57.48, ,2
64.4, ,60.2, ,61.68, ,1
61.0, ,57.0, ,58.42, ,1
50.9, ,47.8, ,48.85, ,2
56.0, ,52.0, ,53.71, ,1
59.9, ,58.2, ,57.35, ,2
74.4, ,71.4, ,70.45, ,2
72.5, ,67.3, ,69.02, ,1
82.6, ,80.3, ,78.39, ,3
58.0, ,55.0, ,55.62, ,2
70.0, ,67.0, ,66.6, ,2
57.8, ,55.5, ,55.4, ,2
57.4, ,55.0, ,55.05, ,2
76.7, ,72.4, ,72.84, ,2
62.0, ,61.0, ,59.26, ,3
66.6, ,62.6, ,63.75, ,2
52.7, ,49.5, ,50.67, ,2
63.1, ,61.4, ,60.22, ,2
57.1, ,54.7, ,54.89, ,2
57.3, ,53.4, ,54.99, ,1
88.4, ,80.7, ,83.67, ,1
66.2, ,62.5, ,63.21, ,2
66.0, ,62.3, ,63.06, ,2
53.3, ,49.4, ,51.2, ,1
81.5, ,75.8, ,77.3, ,1
54.1, ,52.3, ,51.8, ,2
58.0, ,55.5, ,55.41, ,2
47.0, ,45.0, ,45.19, ,2
60.8, ,58.8, ,58.09, ,2
54.6, ,51.9, ,52.44, ,2
90.0, ,85.3, ,85.44, ,2
54.8, ,53.5, ,52.6, ,2
58.1, ,56.0, ,55.64, ,2
59.9, ,56.8, ,57.36, ,2
61.0, ,57.4, ,58.41, ,2
63.5, ,58.5, ,60.73, ,1
79.6, ,73.3, ,75.51, ,1
48.7, ,47.0, ,46.87, ,2
62.8, ,60.5, ,59.97, ,2
65.0, ,62.4, ,62.14, ,2
53.0, ,49.6, ,50.88, ,1
59.0, ,54.1, ,56.48, ,1
73.2, ,71.5, ,69.22, ,3
80.3, ,74.0, ,76.1, ,1
73.6, ,70.6, ,70.01, ,2
85.5, ,79.8, ,80.83, ,2
61.4, ,59.0, ,58.62, ,2
50.0, ,48.6, ,48.07, ,2
61.1, ,59.8, ,58.47, ,3
57.5, ,57.0, ,55.11, ,3
59.8, ,58.3, ,57.27, ,2
66.5, ,63.2, ,63.6, ,2
61.0, ,59.9, ,58.29, ,3
62.8, ,61.2, ,60.06, ,2
63.7, ,62.5, ,60.93, ,3
55.9, ,55.3, ,53.36, ,3
78.6, ,74.3, ,74.38, ,2
45.5, ,44.1, ,43.72, ,2
73.6, ,70.1, ,69.71, ,2
56.6, ,53.9, ,54.33, ,2
65.8, ,62.0, ,62.82, ,2
56.0, ,54.1, ,53.6, ,2
58.7, ,56.8, ,56.22, ,2
57.4, ,54.6, ,54.88, ,2
63.0, ,58.0, ,60.22, ,1
57.2, ,54.0, ,54.81, ,2
55.5, ,53.0, ,53.14, ,2
57.6, ,55.3, ,55.23, ,2
71.4, ,69.0, ,68.14, ,2
63.3, ,61.5, ,60.73, ,2
52.2, ,49.5, ,50.2, ,2
52.6, ,50.3, ,50.64, ,2
65.8, ,63.6, ,62.41, ,2
56.8, ,54.5, ,54.63, ,2
80.0, ,75.1, ,75.9, ,2
56.9, ,54.6, ,54.53, ,2
80.7, ,75.8, ,76.41, ,2
66.0, ,62.5, ,63.06, ,2
71.1, ,67.5, ,67.67, ,2
51.2, ,49.2, ,49.22, ,2
51.8, ,48.4, ,49.86, ,1
70.0, ,68.0, ,66.53, ,3
60.0, ,56.0, ,57.6, ,1
69.0, ,63.7, ,65.93, ,1
73.2, ,67.8, ,69.65, ,1
54.4, ,52.8, ,52.14, ,2
54.2, ,51.7, ,52.14, ,2
60.0, ,55.4, ,57.59, ,1
68.3, ,65.5, ,64.92, ,2
54.3, ,53.0, ,52.1, ,2
63.2, ,59.8, ,60.44, ,2
58.2, ,53.3, ,55.7, ,1
77.8, ,72.9, ,73.98, ,2
67.7, ,65.0, ,64.52, ,2
64.3, ,62.2, ,61.29, ,2
66.3, ,62.8, ,63.45, ,2
57.5, ,55.0, ,55.14, ,2
47.0, ,45.3, ,45.32, ,2
67.0, ,64.5, ,63.88, ,2
66.6, ,61.4, ,63.73, ,1
55.4, ,51.8, ,53.21, ,1
57.6, ,54.6, ,55.28, ,2
64.0, ,60.8, ,61.01, ,2
70.3, ,68.2, ,66.69, ,3
60.0, ,59.4, ,57.45, ,3
82.0, ,74.0, ,77.7, ,1
58.2, ,56.5, ,55.84, ,2
53.8, ,51.8, ,51.79, ,2
54.4, ,51.3, ,52.14, ,2
56.0, ,55.1, ,53.71, ,3
62.3, ,58.5, ,59.63, ,2
65.5, ,62.5, ,62.76, ,2
51.0, ,49.1, ,48.96, ,2
59.5, ,56.1, ,57.03, ,2
55.3, ,52.5, ,52.93, ,2
63.2, ,60.5, ,60.06, ,2
62.8, ,59.3, ,59.96, ,2
76.1, ,70.2, ,72.13, ,1
60.2, ,57.7, ,57.45, ,2
55.6, ,52.2, ,53.48, ,1
72.4, ,68.0, ,69.15, ,2
67.2, ,65.1, ,64.15, ,2
97.8, ,92.7, ,92.54, ,2
53.4, ,52.5, ,51.23, ,3
64.5, ,63.0, ,61.62, ,3
84.2, ,79.5, ,79.63, ,2
70.0, ,67.0, ,66.8, ,2
60.0, ,57.0, ,57.49, ,2
82.5, ,76.5, ,78.14, ,1
96.0, ,91.0, ,90.95, ,2
54.3, ,53.0, ,52.15, ,2
58.1, ,53.6, ,55.67, ,1
64.0, ,60.5, ,61.23, ,2
66.6, ,62.1, ,63.52, ,1
55.0, ,51.9, ,52.77, ,2
58.5, ,54.5, ,56.14, ,1
57.0, ,52.6, ,54.68, ,1
52.9, ,50.3, ,50.91, ,2
75.2, ,70.2, ,71.22, ,2
80.8, ,75.2, ,76.61, ,1
72.5, ,69.2, ,69.03, ,2
62.3, ,60.3, ,59.51, ,2
52.5, ,50.2, ,50.45, ,2
60.0, ,58.3, ,57.52, ,2
60.0, ,57.7, ,57.59, ,2
64.7, ,61.6, ,61.89, ,2
71.4, ,67.3, ,68.01, ,2
58.0, ,56.0, ,55.7, ,2
67.9, ,63.9, ,64.7, ,2
49.6, ,49.0, ,47.66, ,3
68.8, ,66.7, ,65.83, ,2
65.0, ,63.0, ,62.13, ,2
55.0, ,53.0, ,52.82, ,2
75.2, ,72.4, ,71.48, ,2
50.6, ,48.0, ,48.62, ,2
67.0, ,64.2, ,63.89, ,2
57.1, ,52.8, ,54.7, ,1
60.7, ,58.6, ,58.22, ,2
54.0, ,52.0, ,51.75, ,2
51.0, ,48.5, ,49.07, ,2
65.5, ,62.5, ,62.64, ,2
55.0, ,53.7, ,52.85, ,2
65.5, ,63.3, ,62.49, ,2
81.9, ,77.1, ,77.69, ,2
84.0, ,79.0, ,79.47, ,2
56.5, ,53.5, ,54.23, ,2
54.7, ,54.6, ,52.55, ,3
54.3, ,50.7, ,52.18, ,1
54.5, ,51.2, ,52.23, ,2
74.6, ,66.7, ,71.19, ,1
61.0, ,58.6, ,58.42, ,2
60.7, ,58.5, ,58.19, ,2
80.0, ,74.0, ,75.77, ,1
55.7, ,54.0, ,53.5, ,2
58.0, ,57.0, ,55.51, ,3
72.3, ,69.9, ,69.01, ,2
70.3, ,67.1, ,67.1, ,2
72.5, ,69.5, ,68.71, ,2
67.8, ,62.0, ,64.6, ,1
53.6, ,51.9, ,51.62, ,2
88.0, ,84.0, ,83.55, ,2
56.0, ,52.0, ,53.77, ,1
56.0, ,53.8, ,53.73, ,2
63.2, ,60.6, ,60.5, ,2
60.2, ,58.7, ,57.55, ,2
56.5, ,54.4, ,54.21, ,2
52.0, ,50.5, ,49.98, ,2
52.0, ,49.5, ,49.87, ,2
64.7, ,61.8, ,61.75, ,2
100.9, ,94.5, ,95.39, ,2
64.5, ,60.5, ,61.51, ,2
55.0, ,52.9, ,52.82, ,2
60.0, ,58.5, ,57.24, ,3
50.0, ,48.6, ,48.04, ,2
62.4, ,60.1, ,59.83, ,2
58.0, ,54.4, ,55.63, ,1
71.6, ,68.2, ,68.22, ,2
78.6, ,75.3, ,74.53, ,2
52.2, ,50.4, ,50.19, ,2
56.0, ,54.3, ,53.78, ,2
62.6, ,59.6, ,59.85, ,2
63.5, ,60.3, ,60.72, ,2
86.0, ,81.2, ,81.71, ,2
54.7, ,53.5, ,52.49, ,2
59.1, ,56.7, ,56.53, ,2
64.5, ,60.0, ,61.57, ,1
53.5, ,52.5, ,51.41, ,2
75.2, ,70.6, ,71.67, ,2
57.4, ,54.5, ,54.91, ,2
53.7, ,52.3, ,51.7, ,2
62.0, ,59.6, ,59.12, ,2
56.5, ,55.3, ,54.24, ,2
71.5, ,63.9, ,67.86, ,1
73.1, ,67.3, ,69.62, ,1
69.1, ,65.8, ,65.79, ,2
83.3, ,79.2, ,79.04, ,2
79.3, ,74.0, ,75.15, ,2
58.5, ,55.6, ,56.01, ,2
60.5, ,56.7, ,57.91, ,1
66.7, ,63.4, ,63.77, ,2
65.0, ,61.0, ,62.29, ,1
67.0, ,64.3, ,64.12, ,2
56.0, ,53.3, ,53.63, ,2
58.4, ,56.9, ,56.06, ,2
92.8, ,89.9, ,87.94, ,3
65.4, ,61.8, ,62.59, ,2
54.0, ,51.3, ,51.77, ,2
76.5, ,74.4, ,72.39, ,3
61.1, ,58.5, ,58.49, ,2
62.0, ,60.0, ,59.26, ,2
57.8, ,55.3, ,55.34, ,2
62.4, ,61.0, ,59.53, ,3
46.6, ,43.8, ,44.89, ,2
48.0, ,44.6, ,46.12, ,1
58.0, ,53.5, ,55.32, ,1
56.5, ,54.5, ,54.07, ,2
73.8, ,70.3, ,69.99, ,2
73.1, ,71.0, ,69.21, ,3
62.0, ,58.2, ,59.18, ,2
50.9, ,50.4, ,48.89, ,3
63.0, ,59.6, ,60.27, ,2
62.4, ,60.9, ,59.61, ,3
52.5, ,50.0, ,50.48, ,2
63.5, ,58.4, ,60.8, ,1
58.5, ,55.9, ,55.98, ,2
66.2, ,61.0, ,63.27, ,1
58.0, ,56.0, ,55.59, ,2
56.3, ,54.5, ,54.04, ,2
67.3, ,64.7, ,64.18, ,2
102.2, ,97.6, ,96.73, ,2
63.2, ,59.3, ,60.58, ,1
96.9, ,92.1, ,91.82, ,2
65.9, ,64.0, ,62.98, ,2
65.0, ,62.9, ,61.97, ,2
56.8, ,55.2, ,54.51, ,2
54.5, ,52.6, ,52.25, ,2
66.8, ,65.4, ,63.71, ,3
71.7, ,68.9, ,68.57, ,2
60.5, ,58.5, ,57.95, ,2
54.0, ,51.3, ,51.85, ,2
87.5, ,84.6, ,82.94, ,3
72.7, ,69.3, ,69.1, ,2
58.2, ,54.0, ,55.7, ,1
63.4, ,62.0, ,60.7, ,3
81.5, ,74.8, ,77.3, ,1
52.0, ,50.0, ,50.04, ,2
63.6, ,59.4, ,60.87, ,1
55.5, ,53.7, ,53.38, ,2
72.2, ,68.3, ,68.69, ,2
68.0, ,64.9, ,64.94, ,2
63.4, ,59.2, ,60.63, ,1
73.5, ,69.3, ,69.68, ,2
84.0, ,79.0, ,79.51, ,2
58.6, ,54.7, ,56.28, ,1
60.0, ,56.0, ,57.37, ,1
60.0, ,57.0, ,57.36, ,2
60.5, ,58.9, ,58.05, ,2
69.0, ,66.0, ,65.55, ,2
68.5, ,66.6, ,65.38, ,3
76.5, ,74.9, ,72.5, ,3
80.0, ,76.3, ,75.77, ,2
104.9, ,99.8, ,99.21, ,2
57.0, ,54.7, ,54.58, ,2
54.5, ,52.7, ,52.42, ,2
59.5, ,59.0, ,56.84, ,3
59.6, ,55.6, ,57.02, ,1
49.0, ,45.8, ,47.06, ,1
77.0, ,74.0, ,73.01, ,2
54.5, ,52.5, ,52.41, ,2
62.0, ,58.1, ,59.2, ,2
61.5, ,59.8, ,58.96, ,2
64.7, ,62.3, ,61.9, ,2
52.7, ,50.4, ,50.57, ,2
71.1, ,66.8, ,67.66, ,2
59.0, ,56.0, ,56.71, ,2
52.9, ,51.1, ,50.85, ,2
56.0, ,55.0, ,53.77, ,3
74.6, ,71.5, ,71.03, ,2
44.5, ,43.5, ,42.9, ,2
54.0, ,52.2, ,51.87, ,2
72.7, ,70.5, ,69.3, ,3
55.1, ,51.7, ,52.89, ,2
67.9, ,65.4, ,64.69, ,2
59.8, ,58.0, ,57.22, ,2
63.1, ,59.1, ,60.22, ,2
56.6, ,53.3, ,54.12, ,2
63.8, ,60.6, ,60.98, ,2
58.5, ,56.5, ,56.08, ,2
52.8, ,50.7, ,50.72, ,2
51.5, ,51.1, ,49.49, ,3
51.0, ,49.6, ,48.97, ,2
67.6, ,65.1, ,64.57, ,2
65.0, ,61.0, ,62.22, ,1
62.1, ,58.6, ,59.4, ,2
56.0, ,54.4, ,53.82, ,2
50.6, ,48.4, ,48.64, ,2
87.8, ,81.7, ,83.06, ,1
46.0, ,44.9, ,44.22, ,2
59.9, ,56.2, ,57.27, ,2
70.0, ,66.5, ,67.0, ,2
61.0, ,58.1, ,58.35, ,2
67.4, ,63.6, ,64.55, ,2
58.6, ,56.5, ,56.16, ,2
70.0, ,64.6, ,66.86, ,1
61.5, ,58.0, ,58.9, ,2
65.6, ,63.8, ,62.78, ,2
56.1, ,55.5, ,53.9, ,3
57.0, ,55.0, ,54.68, ,2
63.7, ,60.6, ,60.89, ,2
58.4, ,56.7, ,55.87, ,2
52.4, ,50.8, ,50.14, ,2
59.9, ,57.5, ,57.49, ,2
57.5, ,55.4, ,55.2, ,2
84.4, ,79.7, ,80.12, ,2
66.5, ,64.4, ,63.57, ,2
63.5, ,61.5, ,60.74, ,2
55.4, ,54.5, ,53.16, ,3
58.8, ,57.8, ,56.28, ,3
47.8, ,46.2, ,46.0, ,2
65.5, ,63.3, ,62.53, ,2
75.4, ,73.2, ,71.38, ,3
54.5, ,51.2, ,52.34, ,2
63.1, ,61.4, ,60.33, ,2
55.7, ,53.3, ,53.55, ,2
65.5, ,63.0, ,62.71, ,2
64.0, ,58.0, ,61.07, ,1
53.4, ,51.6, ,51.33, ,2
66.7, ,62.9, ,63.77, ,2
71.6, ,68.4, ,68.1, ,2
55.5, ,54.1, ,53.33, ,2
57.0, ,55.7, ,54.66, ,2
80.7, ,77.0, ,76.38, ,2
56.9, ,55.4, ,54.38, ,2
59.0, ,56.6, ,56.53, ,2
55.5, ,52.7, ,53.19, ,2
73.2, ,69.5, ,69.51, ,2
60.8, ,60.2, ,58.18, ,3
50.0, ,48.9, ,48.12, ,2
84.3, ,79.6, ,79.84, ,2
54.7, ,53.8, ,52.59, ,3
62.4, ,58.1, ,59.68, ,1
62.1, ,59.6, ,59.35, ,2
67.6, ,64.0, ,64.41, ,2
66.2, ,63.5, ,62.86, ,2
51.0, ,48.7, ,48.98, ,2
46.0, ,45.8, ,44.26, ,3
79.9, ,76.9, ,75.69, ,3
59.0, ,57.2, ,56.4, ,2
67.8, ,65.5, ,64.68, ,2
59.2, ,55.7, ,56.82, ,2
51.0, ,49.1, ,49.03, ,2
81.5, ,76.5, ,77.27, ,2
62.0, ,59.8, ,59.38, ,2
52.5, ,50.9, ,50.45, ,2
53.2, ,52.0, ,51.12, ,2
68.0, ,64.0, ,65.03, ,2
59.0, ,57.3, ,56.47, ,2
70.9, ,67.6, ,67.5, ,2
68.4, ,66.7, ,65.2, ,3
82.0, ,76.9, ,77.73, ,2
85.9, ,83.1, ,81.5, ,3
67.5, ,64.6, ,64.42, ,2
66.0, ,64.3, ,63.24, ,2
95.4, ,90.3, ,90.32, ,2
70.0, ,64.6, ,66.97, ,1
56.0, ,53.5, ,53.8, ,2
67.5, ,63.8, ,64.46, ,2
61.8, ,59.4, ,59.06, ,2
55.6, ,54.5, ,53.52, ,2
60.1, ,56.0, ,57.63, ,1
69.5, ,65.0, ,66.16, ,2
56.0, ,52.3, ,53.82, ,1
61.6, ,59.9, ,58.9, ,2
67.5, ,63.6, ,64.63, ,2
70.0, ,65.3, ,66.92, ,1
80.9, ,78.8, ,76.78, ,3
101.0, ,97.2, ,95.54, ,3
61.2, ,60.5, ,58.41, ,3
68.6, ,67.4, ,65.25, ,3
67.0, ,64.5, ,64.07, ,2
53.5, ,51.0, ,51.3, ,2
77.8, ,73.7, ,73.92, ,2
68.2, ,65.9, ,64.73, ,2
54.5, ,52.9, ,52.36, ,2
64.0, ,62.0, ,61.29, ,2
72.0, ,67.0, ,68.61, ,1
56.6, ,54.9, ,54.29, ,2
55.6, ,54.3, ,53.42, ,2
77.5, ,73.5, ,73.5, ,2
56.0, ,55.2, ,53.81, ,3
64.8, ,61.0, ,61.97, ,2
69.5, ,66.5, ,66.35, ,2
70.0, ,67.3, ,67.01, ,2
82.0, ,78.3, ,77.64, ,2
56.0, ,53.4, ,53.72, ,2
89.9, ,86.4, ,85.08, ,3
64.3, ,60.3, ,61.51, ,1
60.5, ,58.6, ,58.06, ,2
54.6, ,54.0, ,52.49, ,3
65.1, ,62.7, ,62.02, ,2
61.7, ,59.3, ,59.01, ,2
71.8, ,67.0, ,68.19, ,2
63.7, ,61.4, ,60.96, ,2
61.4, ,58.2, ,58.67, ,2
54.5, ,52.3, ,52.27, ,2
67.5, ,64.9, ,64.21, ,2
62.5, ,58.6, ,59.8, ,1
57.7, ,56.4, ,55.44, ,2
60.2, ,56.5, ,57.67, ,2
63.0, ,59.1, ,60.18, ,2
70.0, ,68.2, ,66.79, ,3
57.5, ,56.0, ,54.99, ,2
71.3, ,67.1, ,67.89, ,2
63.3, ,60.8, ,60.61, ,2
82.0, ,78.4, ,77.59, ,2
60.1, ,56.7, ,57.63, ,2
62.7, ,58.3, ,60.07, ,1
61.7, ,60.6, ,59.09, ,3
60.2, ,58.7, ,57.61, ,2
52.5, ,50.2, ,50.5, ,2
52.1, ,50.0, ,50.13, ,2
61.9, ,58.0, ,59.21, ,1
59.0, ,55.2, ,56.48, ,1
54.0, ,53.0, ,51.91, ,2
60.8, ,57.6, ,58.19, ,2
73.0, ,68.5, ,69.73, ,1
58.2, ,55.2, ,55.81, ,2
65.0, ,62.2, ,62.17, ,2
54.4, ,53.0, ,52.21, ,2
84.0, ,80.0, ,79.68, ,2
73.0, ,71.0, ,69.48, ,3
64.5, ,63.1, ,61.64, ,3
98.6, ,91.5, ,93.5, ,1
56.4, ,56.1, ,53.94, ,3
59.9, ,57.4, ,57.16, ,2
88.7, ,86.7, ,83.93, ,3
60.0, ,57.0, ,57.23, ,2
62.8, ,59.2, ,60.08, ,2
64.3, ,61.3, ,61.25, ,2
61.0, ,57.0, ,58.51, ,1
70.8, ,69.4, ,67.06, ,3
54.0, ,52.3, ,51.88, ,2
63.0, ,60.5, ,60.24, ,2
54.0, ,53.5, ,51.86, ,3
64.6, ,61.5, ,61.77, ,2
89.2, ,82.1, ,84.77, ,1
58.5, ,55.3, ,56.14, ,2
79.2, ,76.0, ,75.32, ,2
53.8, ,49.0, ,51.62, ,1
72.9, ,71.0, ,69.41, ,3
71.5, ,68.6, ,68.08, ,2
101.0, ,94.5, ,95.57, ,2
57.5, ,54.8, ,55.15, ,2
49.0, ,48.8, ,46.9, ,3
54.2, ,52.0, ,52.14, ,2
56.1, ,54.3, ,53.78, ,2
59.0, ,55.1, ,56.41, ,1
56.5, ,53.8, ,53.98, ,2
66.0, ,62.9, ,62.95, ,2
65.0, ,63.5, ,61.95, ,3
65.0, ,61.7, ,62.04, ,2
51.3, ,50.0, ,49.36, ,2
88.7, ,86.5, ,84.01, ,3
81.6, ,79.5, ,77.34, ,3
54.0, ,51.7, ,51.88, ,2
63.0, ,61.5, ,60.17, ,3
61.2, ,59.4, ,58.54, ,2
66.0, ,61.9, ,62.78, ,2
56.6, ,52.5, ,54.08, ,1
63.5, ,59.0, ,60.64, ,1
72.1, ,69.8, ,68.4, ,3
66.5, ,65.0, ,63.6, ,3
72.5, ,69.5, ,69.1, ,2
64.5, ,62.7, ,61.61, ,2
55.2, ,53.2, ,53.04, ,2
88.3, ,85.5, ,83.57, ,3
77.3, ,75.8, ,73.28, ,3
57.5, ,53.9, ,55.17, ,1
92.0, ,86.5, ,87.04, ,2
65.2, ,59.3, ,62.45, ,1
58.5, ,55.2, ,56.1, ,2
71.5, ,67.1, ,68.16, ,2
59.7, ,57.7, ,57.02, ,2
70.5, ,68.3, ,67.27, ,2
60.0, ,55.0, ,57.45, ,1
66.2, ,61.2, ,63.31, ,1
71.0, ,67.0, ,67.6, ,2
74.9, ,67.8, ,71.11, ,1
67.0, ,63.0, ,63.89, ,2
62.4, ,60.4, ,59.74, ,2
66.8, ,62.2, ,63.84, ,1
64.6, ,63.0, ,61.67, ,3
62.3, ,60.2, ,59.4, ,2
48.0, ,45.5, ,46.27, ,2
60.9, ,57.0, ,58.24, ,1
56.0, ,53.5, ,53.76, ,2
53.0, ,50.8, ,50.94, ,2
69.7, ,68.0, ,66.48, ,3
53.5, ,52.0, ,51.45, ,2
66.0, ,62.0, ,63.15, ,2
55.7, ,52.9, ,53.5, ,2
69.5, ,67.0, ,66.46, ,2
89.0, ,86.0, ,84.17, ,3
62.3, ,58.7, ,59.43, ,2
85.0, ,82.0, ,80.5, ,3
73.9, ,70.6, ,70.17, ,2
48.4, ,45.7, ,46.61, ,2
101.1, ,93.9, ,95.76, ,1
76.0, ,73.5, ,72.35, ,2
52.8, ,49.0, ,50.79, ,1
48.7, ,46.2, ,46.93, ,2
52.4, ,51.4, ,50.34, ,2
58.8, ,57.4, ,56.39, ,2
61.0, ,56.1, ,58.49, ,1
49.3, ,47.1, ,47.4, ,2
73.2, ,70.0, ,69.26, ,2
96.0, ,92.4, ,90.96, ,3
73.0, ,69.0, ,69.46, ,2
63.0, ,60.1, ,60.31, ,2
95.7, ,91.8, ,90.78, ,2
54.3, ,53.1, ,52.08, ,2
64.0, ,61.8, ,61.22, ,2
71.5, ,70.0, ,68.15, ,3
66.0, ,63.0, ,63.07, ,2
61.5, ,57.3, ,58.85, ,1
49.6, ,45.9, ,47.66, ,1
88.8, ,84.2, ,84.04, ,2
77.8, ,76.8, ,73.89, ,3
80.6, ,76.5, ,76.27, ,2
49.2, ,47.9, ,47.39, ,2
81.7, ,78.0, ,77.48, ,2
52.0, ,51.0, ,49.96, ,2
61.3, ,59.5, ,58.37, ,2
88.5, ,86.1, ,83.97, ,3
66.5, ,63.6, ,63.56, ,2
88.0, ,83.4, ,83.18, ,2
68.8, ,66.5, ,65.69, ,2
49.8, ,47.9, ,47.78, ,2
63.1, ,60.9, ,60.36, ,2
58.5, ,56.9, ,56.08, ,2
89.6, ,86.2, ,84.87, ,3
58.5, ,56.0, ,56.14, ,2
76.9, ,74.6, ,72.82, ,3
59.6, ,57.5, ,57.04, ,2
62.1, ,59.2, ,59.37, ,2
74.7, ,70.2, ,71.16, ,2
57.2, ,54.8, ,54.88, ,2
73.5, ,69.5, ,70.02, ,2
59.0, ,57.0, ,56.67, ,2
50.7, ,49.6, ,48.74, ,2
58.6, ,55.0, ,56.19, ,2
59.5, ,56.5, ,56.74, ,2
59.5, ,56.4, ,56.98, ,2
75.0, ,71.6, ,71.29, ,2
64.5, ,63.5, ,61.64, ,3
57.6, ,55.7, ,55.26, ,2
58.0, ,55.6, ,55.6, ,2
58.0, ,56.0, ,55.51, ,2
78.7, ,76.2, ,74.48, ,3
73.5, ,69.2, ,70.04, ,2
101.0, ,94.0, ,95.68, ,1
58.1, ,56.6, ,55.76, ,2
67.5, ,62.0, ,64.09, ,1
82.7, ,78.0, ,78.41, ,2
57.6, ,55.0, ,54.92, ,2
51.8, ,50.3, ,49.78, ,2
74.5, ,70.0, ,70.8, ,2
52.2, ,50.0, ,50.14, ,2
63.0, ,61.6, ,60.34, ,3
71.1, ,68.7, ,67.9, ,2
59.0, ,57.5, ,56.5, ,2
71.2, ,66.0, ,67.66, ,1
47.8, ,47.3, ,45.96, ,3
75.0, ,72.0, ,71.19, ,2
64.7, ,62.4, ,61.81, ,2
57.0, ,54.0, ,54.58, ,2
57.3, ,55.2, ,54.98, ,2
66.9, ,64.5, ,63.73, ,2
79.9, ,74.8, ,75.68, ,2
56.0, ,53.0, ,53.78, ,2
61.9, ,58.3, ,59.16, ,2
63.9, ,63.2, ,61.06, ,3
70.2, ,66.6, ,67.15, ,2
63.0, ,59.5, ,60.3, ,2
55.0, ,52.0, ,52.79, ,2
56.5, ,53.8, ,54.11, ,2
55.5, ,52.9, ,53.32, ,2
68.0, ,66.3, ,65.07, ,3
47.0, ,44.7, ,45.25, ,2
79.0, ,76.4, ,74.95, ,3
79.0, ,74.0, ,74.86, ,2
52.3, ,49.3, ,50.22, ,2
56.5, ,55.1, ,54.07, ,2
60.0, ,57.5, ,57.29, ,2
55.4, ,54.6, ,53.21, ,3
62.5, ,59.0, ,59.86, ,2
76.3, ,72.9, ,72.38, ,2
76.9, ,70.5, ,72.88, ,1
61.7, ,59.8, ,59.14, ,2
56.7, ,55.2, ,54.39, ,2
61.7, ,60.6, ,58.98, ,3
69.5, ,64.3, ,66.3, ,1
63.4, ,58.9, ,60.6, ,1
48.4, ,46.5, ,46.52, ,2
69.0, ,66.5, ,66.01, ,2
69.0, ,67.1, ,65.87, ,3
62.5, ,60.7, ,59.84, ,2
74.0, ,69.3, ,70.17, ,2
79.1, ,75.3, ,74.98, ,2
51.0, ,49.5, ,48.96, ,2
78.3, ,72.8, ,74.16, ,1
53.9, ,51.6, ,51.83, ,2
56.1, ,54.8, ,53.86, ,2
95.0, ,87.8, ,90.0, ,1
60.3, ,57.1, ,57.52, ,2
53.8, ,50.2, ,51.56, ,1
73.0, ,69.7, ,69.34, ,2
53.9, ,53.3, ,51.69, ,3
52.7, ,50.6, ,50.65, ,2
62.9, ,62.8, ,60.05, ,3
55.4, ,53.7, ,53.17, ,2
57.7, ,54.4, ,55.29, ,2
78.1, ,74.4, ,74.14, ,2
57.6, ,54.4, ,55.24, ,2
90.0, ,87.0, ,85.34, ,3
69.7, ,66.0, ,66.7, ,2
51.5, ,50.5, ,49.43, ,2
65.2, ,61.2, ,62.23, ,2
58.0, ,56.0, ,55.36, ,2
50.0, ,49.0, ,48.09, ,2
72.8, ,68.6, ,69.51, ,2
88.0, ,83.9, ,83.34, ,2
57.0, ,56.5, ,54.66, ,3
70.9, ,67.8, ,67.59, ,2
64.0, ,61.9, ,61.21, ,2
57.0, ,52.0, ,54.75, ,1
52.8, ,50.8, ,50.75, ,2
67.5, ,64.8, ,64.5, ,2
73.6, ,68.2, ,70.1, ,1
65.0, ,60.9, ,62.08, ,2
73.1, ,69.2, ,69.49, ,2
66.8, ,62.9, ,63.99, ,2
55.5, ,53.0, ,53.31, ,2
67.3, ,62.4, ,64.43, ,1
85.3, ,82.9, ,80.79, ,3
58.7, ,55.8, ,56.24, ,2
71.2, ,66.9, ,67.83, ,2
76.1, ,72.8, ,72.28, ,2
70.2, ,67.5, ,67.03, ,2
56.2, ,53.5, ,53.97, ,2
56.2, ,53.1, ,53.84, ,2
67.9, ,65.3, ,64.84, ,2
63.5, ,60.5, ,60.73, ,2
58.0, ,56.1, ,55.5, ,2
75.0, ,71.0, ,71.37, ,2
72.0, ,68.8, ,68.71, ,2
50.3, ,47.6, ,48.4, ,2
68.2, ,64.1, ,65.1, ,2
77.0, ,74.0, ,73.02, ,2
61.3, ,57.5, ,58.79, ,1
60.6, ,57.0, ,58.04, ,2
57.8, ,56.3, ,55.43, ,2
66.2, ,65.4, ,63.15, ,3
81.7, ,77.7, ,77.37, ,2
52.0, ,50.5, ,49.97, ,2
77.0, ,74.5, ,73.02, ,3
66.3, ,61.2, ,63.46, ,1
57.4, ,55.5, ,55.0, ,2
63.5, ,60.8, ,60.74, ,2
56.5, ,54.9, ,54.17, ,2
58.1, ,55.2, ,55.62, ,2
83.4, ,78.2, ,78.99, ,2
70.2, ,65.3, ,67.02, ,1
53.2, ,51.3, ,51.16, ,2
83.5, ,77.5, ,79.27, ,1
88.6, ,83.0, ,83.93, ,2
62.2, ,59.1, ,59.5, ,2
61.1, ,58.6, ,58.42, ,2
73.2, ,70.2, ,69.64, ,2
61.9, ,57.6, ,59.29, ,1
60.7, ,59.5, ,58.27, ,3
59.0, ,58.8, ,56.29, ,3
69.3, ,67.2, ,65.88, ,3
71.3, ,69.7, ,68.06, ,3
82.0, ,78.1, ,77.72, ,2
78.7, ,75.3, ,74.63, ,2
74.2, ,70.1, ,70.66, ,2
66.2, ,63.2, ,63.25, ,2
63.0, ,59.0, ,60.31, ,1
78.0, ,73.5, ,73.84, ,2
59.5, ,58.0, ,57.05, ,2
47.9, ,46.4, ,46.08, ,2
56.7, ,54.8, ,54.35, ,2
69.6, ,67.5, ,66.36, ,2
49.0, ,48.0, ,47.08, ,2
58.5, ,57.4, ,56.1, ,3
77.5, ,73.0, ,73.69, ,2
62.8, ,59.7, ,59.9, ,2
53.8, ,52.9, ,51.63, ,3
75.5, ,71.0, ,71.62, ,2
61.3, ,59.1, ,58.73, ,2
52.4, ,50.6, ,50.35, ,2
72.0, ,68.1, ,68.42, ,2
50.8, ,49.5, ,48.84, ,2
65.6, ,62.1, ,62.76, ,2
46.8, ,46.0, ,45.13, ,2
57.4, ,54.0, ,55.12, ,2
56.7, ,54.4, ,54.39, ,2
60.9, ,56.9, ,58.21, ,1
82.9, ,77.8, ,78.62, ,2
61.0, ,59.3, ,58.44, ,2
84.5, ,80.5, ,80.06, ,2
87.8, ,82.0, ,83.13, ,2
66.0, ,62.0, ,63.13, ,2
76.0, ,72.4, ,72.23, ,2
55.1, ,53.6, ,52.91, ,2
66.6, ,64.1, ,63.62, ,2
68.5, ,67.5, ,65.44, ,3
84.5, ,79.5, ,79.93, ,2
57.1, ,55.5, ,54.64, ,2
61.0, ,58.1, ,58.34, ,2
76.0, ,73.0, ,72.26, ,2
58.5, ,56.0, ,56.12, ,2
60.8, ,58.0, ,58.21, ,2
56.0, ,52.9, ,53.72, ,2
65.3, ,62.9, ,62.31, ,2
62.5, ,59.9, ,59.88, ,2
85.5, ,84.2, ,81.06, ,3
52.9, ,51.1, ,50.82, ,2
60.8, ,59.0, ,58.22, ,2
57.0, ,54.5, ,54.64, ,2
59.2, ,57.2, ,56.73, ,2
66.9, ,64.3, ,63.98, ,2
65.9, ,62.8, ,62.96, ,2
66.0, ,62.4, ,62.93, ,2
55.8, ,53.2, ,53.64, ,2
70.6, ,68.0, ,67.53, ,2
64.4, ,61.8, ,61.49, ,2
58.8, ,55.3, ,56.36, ,2
70.8, ,68.4, ,67.27, ,2
55.4, ,53.8, ,53.21, ,2
57.0, ,54.6, ,54.7, ,2
54.5, ,53.8, ,52.36, ,3
55.0, ,52.7, ,52.8, ,2
54.0, ,52.5, ,51.76, ,2
64.0, ,61.0, ,61.21, ,2
70.5, ,65.0, ,67.28, ,1
54.0, ,52.2, ,51.88, ,2
59.5, ,57.9, ,56.87, ,2
61.0, ,57.5, ,58.46, ,2
53.0, ,51.1, ,50.94, ,2
46.4, ,45.3, ,44.73, ,2
62.2, ,60.2, ,59.67, ,2
70.0, ,66.5, ,66.87, ,2
78.5, ,75.9, ,74.57, ,3
59.5, ,56.5, ,57.09, ,2
70.8, ,65.5, ,67.75, ,1
75.9, ,71.7, ,71.76, ,2
74.6, ,68.3, ,70.67, ,1
82.5, ,78.5, ,78.12, ,2
68.0, ,65.0, ,64.8, ,2
67.0, ,65.5, ,64.13, ,3
52.0, ,49.9, ,49.99, ,2
75.0, ,70.5, ,71.33, ,2
57.4, ,54.4, ,55.19, ,2
53.0, ,49.9, ,50.97, ,2
65.3, ,58.8, ,62.22, ,1
109.1, ,104.1, ,103.18, ,2
58.0, ,56.6, ,55.54, ,2
64.1, ,60.1, ,61.27, ,2
64.5, ,61.7, ,61.59, ,2
61.4, ,57.7, ,58.61, ,2
65.0, ,61.6, ,61.94, ,2
51.8, ,49.9, ,49.78, ,2
56.9, ,55.4, ,54.57, ,2
81.9, ,76.9, ,77.62, ,2
59.4, ,57.3, ,56.95, ,2
70.3, ,67.7, ,67.28, ,2
53.0, ,51.4, ,50.64, ,2
66.4, ,62.6, ,63.34, ,2
76.5, ,72.3, ,72.42, ,2
51.7, ,50.9, ,49.69, ,3
73.5, ,70.0, ,70.08, ,2
67.4, ,63.6, ,64.18, ,2
104.3, ,97.6, ,98.61, ,2
65.4, ,62.5, ,62.55, ,2
53.3, ,52.4, ,51.14, ,3
73.0, ,68.0, ,69.24, ,1
62.5, ,59.0, ,59.87, ,2
55.8, ,54.0, ,53.68, ,2
57.0, ,55.5, ,54.7, ,2
87.0, ,82.3, ,82.33, ,2
82.0, ,78.3, ,77.67, ,2
71.2, ,67.1, ,67.87, ,2
62.0, ,58.8, ,59.13, ,2
62.5, ,61.0, ,59.85, ,2
76.0, ,74.0, ,72.59, ,3
60.0, ,57.5, ,57.62, ,2
67.4, ,65.0, ,64.48, ,2
60.4, ,58.6, ,57.89, ,2
62.0, ,58.3, ,59.32, ,2
73.2, ,68.3, ,69.55, ,1
75.0, ,72.6, ,71.01, ,3
69.0, ,64.5, ,66.01, ,1
81.0, ,77.5, ,76.77, ,2
58.0, ,57.9, ,55.56, ,3
65.0, ,61.4, ,61.86, ,2
54.0, ,52.0, ,51.95, ,2
57.4, ,56.8, ,55.0, ,3
63.0, ,58.2, ,60.09, ,1
78.6, ,74.7, ,74.42, ,2
63.9, ,62.6, ,61.21, ,3
63.0, ,60.7, ,60.21, ,2
67.4, ,65.0, ,64.4, ,2
55.0, ,52.5, ,52.67, ,2
84.2, ,81.8, ,79.91, ,3
85.1, ,78.3, ,80.57, ,1
68.6, ,65.2, ,65.56, ,2
52.7, ,52.3, ,50.65, ,3
61.7, ,59.4, ,59.09, ,2
50.8, ,48.3, ,48.78, ,2
73.0, ,71.0, ,69.19, ,3
60.7, ,56.8, ,58.12, ,1
60.2, ,57.3, ,57.49, ,2
98.0, ,92.7, ,92.84, ,2
65.0, ,62.8, ,62.2, ,2
63.2, ,60.2, ,60.54, ,2
53.2, ,49.8, ,51.14, ,1
61.6, ,59.0, ,58.76, ,2
92.0, ,87.8, ,87.06, ,2
91.1, ,85.3, ,86.21, ,2
56.1, ,53.4, ,53.69, ,2
52.0, ,51.2, ,50.01, ,2
63.3, ,58.8, ,60.6, ,1
52.1, ,50.1, ,50.04, ,2
77.5, ,73.5, ,73.48, ,2
84.0, ,81.7, ,79.71, ,3
55.0, ,51.5, ,52.67, ,2
60.5, ,58.3, ,57.91, ,2
56.0, ,52.3, ,53.72, ,1
65.0, ,61.0, ,62.24, ,1
54.7, ,51.0, ,52.56, ,1
82.0, ,77.8, ,77.55, ,2
65.3, ,63.2, ,62.56, ,2
70.6, ,68.5, ,67.34, ,2
64.2, ,61.2, ,61.2, ,2
55.1, ,53.0, ,52.88, ,2
67.0, ,64.8, ,63.99, ,2
67.5, ,64.7, ,64.1, ,2
89.5, ,88.6, ,84.69, ,3
67.8, ,65.2, ,64.61, ,2
63.5, ,62.8, ,60.64, ,3
67.0, ,64.0, ,63.68, ,2
68.2, ,66.4, ,64.94, ,3
60.7, ,57.0, ,58.05, ,2
68.5, ,66.0, ,65.37, ,2
53.3, ,52.3, ,51.2, ,2
75.0, ,71.2, ,71.35, ,2
50.7, ,49.2, ,48.71, ,2
60.0, ,57.0, ,57.43, ,2
56.5, ,53.6, ,54.04, ,2
60.5, ,56.8, ,57.95, ,2
65.0, ,63.2, ,62.12, ,2
52.1, ,52.0, ,50.12, ,3
68.0, ,65.0, ,65.04, ,2
55.0, ,52.7, ,52.8, ,2
70.2, ,67.0, ,67.02, ,2
53.0, ,51.2, ,50.77, ,2
84.0, ,77.6, ,79.56, ,1
66.4, ,64.4, ,63.51, ,2
70.4, ,68.5, ,67.18, ,3
106.9, ,97.7, ,101.07, ,1
58.6, ,55.3, ,56.03, ,2
89.3, ,85.0, ,84.66, ,2
71.8, ,69.4, ,68.31, ,2
78.9, ,76.1, ,74.64, ,3
59.0, ,56.8, ,56.57, ,2
67.2, ,65.3, ,64.19, ,2
58.3, ,54.1, ,55.91, ,1
84.0, ,80.8, ,79.74, ,2
61.0, ,58.1, ,58.3, ,2
57.0, ,54.0, ,54.66, ,2
83.1, ,78.0, ,78.8, ,2
85.3, ,82.9, ,80.92, ,3
54.0, ,51.9, ,51.87, ,2
82.0, ,77.7, ,77.71, ,2
55.6, ,54.0, ,53.37, ,2
54.7, ,51.9, ,52.58, ,2
57.6, ,55.4, ,55.32, ,2
55.0, ,52.5, ,52.77, ,2
70.5, ,68.5, ,67.18, ,3
61.6, ,59.7, ,58.89, ,2
79.0, ,73.8, ,75.0, ,2
49.0, ,48.0, ,47.12, ,2
77.4, ,73.7, ,73.41, ,2
62.2, ,59.4, ,59.63, ,2
51.4, ,48.9, ,49.38, ,2
52.3, ,50.5, ,50.31, ,2
74.0, ,71.2, ,70.41, ,2
67.4, ,63.4, ,64.48, ,2
60.5, ,58.6, ,57.86, ,2
82.5, ,78.0, ,78.09, ,2
73.2, ,70.2, ,69.68, ,2
70.9, ,67.9, ,67.43, ,2
52.4, ,50.1, ,50.37, ,2
58.7, ,56.9, ,56.15, ,2
92.5, ,87.6, ,87.51, ,2
66.0, ,62.0, ,62.94, ,2
101.0, ,92.7, ,95.61, ,1
63.0, ,60.2, ,60.18, ,2
54.5, ,52.5, ,52.42, ,2
85.3, ,83.6, ,80.83, ,3
64.5, ,62.2, ,61.62, ,2
49.5, ,47.1, ,47.57, ,2
49.6, ,48.3, ,47.66, ,2
79.0, ,75.8, ,74.82, ,2
76.7, ,72.3, ,72.84, ,2
65.0, ,62.5, ,62.14, ,2
56.0, ,53.7, ,53.59, ,2
61.1, ,56.6, ,58.38, ,1
74.2, ,72.0, ,70.66, ,3
83.8, ,75.8, ,79.39, ,1
64.8, ,60.3, ,61.8, ,1
61.0, ,57.0, ,58.31, ,1
52.0, ,49.0, ,50.08, ,2
69.6, ,66.1, ,66.5, ,2
58.2, ,57.2, ,55.69, ,3
55.0, ,51.8, ,52.83, ,2
76.5, ,73.0, ,72.48, ,2
53.4, ,50.6, ,51.33, ,2
56.6, ,53.6, ,54.29, ,2
64.2, ,60.9, ,61.54, ,2
77.6, ,75.1, ,73.69, ,3
63.0, ,62.4, ,60.25, ,3
57.2, ,54.0, ,54.83, ,2
63.8, ,61.0, ,60.84, ,2
64.5, ,61.8, ,61.69, ,2
106.0, ,102.2, ,100.07, ,3
61.6, ,58.7, ,58.79, ,2
73.8, ,71.2, ,70.31, ,2
48.0, ,45.5, ,46.25, ,2
61.7, ,60.3, ,59.01, ,3
72.1, ,68.1, ,68.64, ,2
64.5, ,62.1, ,61.65, ,2
76.0, ,73.9, ,72.03, ,3
54.5, ,53.1, ,52.27, ,2
61.0, ,58.7, ,58.37, ,2
71.8, ,65.8, ,68.03, ,1
66.3, ,65.4, ,63.59, ,3
56.4, ,53.1, ,54.12, ,2
61.0, ,58.0, ,58.2, ,2
82.7, ,80.7, ,78.42, ,3
66.0, ,63.5, ,62.95, ,2
58.8, ,56.6, ,56.26, ,2
81.0, ,77.0, ,76.7, ,2
77.0, ,73.3, ,73.12, ,2
50.4, ,48.1, ,48.44, ,2
80.1, ,76.5, ,75.94, ,2
92.5, ,87.5, ,87.52, ,2
51.4, ,48.5, ,49.34, ,2
62.8, ,60.5, ,59.89, ,2
63.6, ,59.4, ,60.8, ,1
52.0, ,50.1, ,49.89, ,2
58.0, ,55.5, ,55.74, ,2
89.0, ,84.2, ,84.23, ,2
61.5, ,59.3, ,58.81, ,2
73.7, ,71.6, ,69.68, ,3
67.0, ,62.0, ,64.03, ,1
68.3, ,64.5, ,65.34, ,2
62.1, ,60.1, ,59.44, ,2
62.0, ,59.7, ,59.04, ,2
59.5, ,54.9, ,57.06, ,1
80.3, ,76.5, ,76.1, ,2
53.6, ,51.4, ,51.56, ,2
62.1, ,59.0, ,59.37, ,2
71.0, ,68.1, ,67.47, ,2
54.6, ,52.8, ,52.49, ,2
64.5, ,58.1, ,61.43, ,1
78.7, ,75.5, ,74.67, ,2
73.0, ,69.2, ,69.2, ,2
73.6, ,70.4, ,69.93, ,2
53.8, ,52.9, ,51.75, ,2
59.6, ,56.9, ,57.12, ,2
70.0, ,65.3, ,66.6, ,1
61.3, ,56.8, ,58.66, ,1
55.5, ,53.0, ,53.27, ,2
73.0, ,69.5, ,69.42, ,2
98.0, ,92.7, ,92.7, ,2
67.9, ,64.3, ,64.78, ,2
62.9, ,59.9, ,60.08, ,2
86.0, ,83.0, ,81.55, ,3
67.0, ,62.9, ,63.87, ,2
64.5, ,59.4, ,61.63, ,1
56.2, ,53.9, ,54.01, ,2
65.6, ,63.6, ,62.71, ,2
57.0, ,54.5, ,54.76, ,2
96.5, ,90.8, ,91.61, ,2
57.4, ,54.0, ,55.03, ,2
67.5, ,64.5, ,64.48, ,2
88.4, ,81.0, ,83.9, ,1
76.5, ,72.4, ,72.45, ,2
55.5, ,54.4, ,53.18, ,3
64.0, ,60.0, ,61.14, ,2
58.0, ,55.0, ,55.62, ,2
54.2, ,52.2, ,52.12, ,2
90.8, ,85.5, ,86.01, ,2
58.3, ,55.9, ,55.92, ,2
58.9, ,55.9, ,56.47, ,2
53.5, ,52.0, ,51.41, ,2
63.6, ,59.6, ,60.94, ,1
66.2, ,62.7, ,63.24, ,2
54.7, ,52.0, ,52.59, ,2
85.5, ,79.0, ,80.97, ,1
73.0, ,67.9, ,69.17, ,1
55.5, ,53.5, ,53.37, ,2
56.0, ,52.8, ,53.72, ,2
74.2, ,70.7, ,70.61, ,2
54.7, ,53.7, ,52.53, ,2
80.4, ,78.4, ,76.2, ,3
58.8, ,57.5, ,56.29, ,3
60.7, ,59.1, ,58.01, ,2
54.5, ,50.6, ,52.35, ,1
51.9, ,48.8, ,49.72, ,2
93.0, ,87.8, ,88.0, ,2
60.0, ,58.6, ,57.54, ,2
73.4, ,69.3, ,69.71, ,2
62.5, ,58.1, ,59.7, ,1
56.0, ,52.5, ,53.75, ,1
57.8, ,54.0, ,55.37, ,1
61.0, ,59.4, ,58.4, ,2
63.3, ,59.7, ,60.41, ,2
59.5, ,57.9, ,57.16, ,2
78.0, ,73.9, ,73.89, ,2
60.5, ,60.0, ,57.68, ,3
75.4, ,71.5, ,71.65, ,2
54.5, ,53.2, ,52.36, ,2
60.7, ,57.5, ,58.22, ,2
66.3, ,65.0, ,63.29, ,3
91.5, ,85.3, ,86.59, ,1
56.0, ,51.6, ,53.5, ,1
76.5, ,73.5, ,72.42, ,2
53.0, ,50.4, ,50.9, ,2
71.8, ,67.1, ,68.42, ,1
54.9, ,52.3, ,52.68, ,2
56.2, ,53.1, ,53.92, ,2
64.0, ,60.6, ,61.04, ,2
61.8, ,58.5, ,59.13, ,2
55.8, ,51.8, ,53.64, ,1
53.9, ,51.5, ,51.8, ,2
53.5, ,51.7, ,51.41, ,2
61.5, ,59.0, ,58.84, ,2
59.1, ,57.8, ,56.72, ,2
50.2, ,47.7, ,48.32, ,2
57.8, ,54.6, ,55.37, ,2
80.0, ,78.0, ,76.13, ,3
54.3, ,52.4, ,52.15, ,2
55.0, ,52.8, ,52.88, ,2
95.5, ,92.3, ,90.32, ,3
57.5, ,54.6, ,55.19, ,2
87.3, ,82.7, ,82.64, ,2
64.0, ,58.5, ,61.24, ,1
50.8, ,48.9, ,48.84, ,2
55.9, ,53.0, ,53.65, ,2
90.0, ,85.6, ,85.32, ,2
69.0, ,66.9, ,65.65, ,3
76.6, ,69.7, ,72.96, ,1
67.6, ,67.0, ,64.8, ,3
103.2, ,97.0, ,97.71, ,2
54.2, ,53.0, ,52.0, ,2
91.0, ,84.9, ,86.09, ,2
60.5, ,57.2, ,57.98, ,2
54.1, ,52.3, ,52.06, ,2
62.6, ,60.0, ,59.95, ,2
68.0, ,63.8, ,64.89, ,2
61.3, ,59.0, ,58.73, ,2
60.6, ,59.2, ,57.98, ,3
81.0, ,75.8, ,76.61, ,2
57.8, ,55.8, ,55.35, ,2
65.0, ,60.4, ,61.93, ,1
53.0, ,48.8, ,50.93, ,1
65.0, ,60.5, ,62.06, ,1
49.5, ,46.0, ,47.62, ,1
67.0, ,64.0, ,63.94, ,2
62.0, ,58.2, ,59.25, ,2
62.1, ,58.9, ,59.41, ,2
56.0, ,53.7, ,53.72, ,2
66.0, ,63.0, ,62.95, ,2
65.4, ,63.7, ,62.46, ,3
66.2, ,64.0, ,63.24, ,2
80.6, ,78.3, ,76.46, ,3
63.5, ,60.0, ,60.74, ,2
48.2, ,45.2, ,46.35, ,2
76.7, ,71.1, ,72.73, ,1
56.6, ,54.1, ,54.3, ,2
75.3, ,71.3, ,71.37, ,2
85.0, ,82.1, ,80.47, ,3
52.7, ,50.7, ,50.7, ,2
60.5, ,58.6, ,57.85, ,2
57.5, ,56.0, ,55.1, ,2
81.9, ,76.5, ,77.59, ,2
87.3, ,81.2, ,82.69, ,1
71.9, ,66.5, ,68.48, ,1
62.0, ,57.5, ,59.28, ,1
66.8, ,62.9, ,63.75, ,2
70.0, ,68.1, ,66.47, ,3
62.2, ,58.2, ,59.55, ,1
94.0, ,91.2, ,88.89, ,3
52.0, ,50.0, ,49.93, ,2
78.7, ,75.7, ,74.44, ,3
96.0, ,90.0, ,90.74, ,2
85.1, ,80.4, ,80.68, ,2
61.7, ,57.4, ,59.11, ,1
78.8, ,74.5, ,74.6, ,2
67.4, ,64.5, ,64.16, ,2
72.5, ,68.0, ,69.01, ,2
61.5, ,59.0, ,58.76, ,2
66.2, ,64.5, ,63.1, ,3
61.2, ,56.7, ,58.51, ,1
56.7, ,55.2, ,54.34, ,2
66.0, ,62.8, ,62.9, ,2
82.0, ,78.7, ,77.71, ,2
62.1, ,59.0, ,59.49, ,2
79.0, ,73.7, ,74.86, ,2
74.6, ,68.7, ,70.87, ,1
72.6, ,69.5, ,69.36, ,2
58.7, ,56.0, ,56.14, ,2
64.3, ,61.7, ,61.24, ,2
67.3, ,63.2, ,63.94, ,2
65.8, ,65.0, ,62.68, ,3
89.0, ,82.5, ,84.29, ,1
86.5, ,83.7, ,82.02, ,3
66.8, ,64.0, ,63.86, ,2
63.9, ,60.5, ,61.11, ,2
55.4, ,53.9, ,52.89, ,2
53.0, ,51.0, ,51.01, ,2
68.0, ,67.5, ,64.83, ,3
59.9, ,56.0, ,57.36, ,1
76.1, ,72.8, ,72.29, ,2
89.7, ,85.8, ,85.05, ,2
61.7, ,59.4, ,59.16, ,2
61.0, ,58.1, ,58.39, ,2
89.8, ,85.5, ,85.07, ,2
56.0, ,55.0, ,53.66, ,3
54.4, ,53.1, ,52.26, ,2
89.0, ,83.2, ,84.3, ,2
78.2, ,74.1, ,74.47, ,2
71.0, ,65.9, ,67.72, ,1
56.5, ,53.9, ,54.19, ,2
78.0, ,74.5, ,73.95, ,2
60.8, ,58.5, ,58.15, ,2
62.7, ,61.1, ,59.76, ,3
52.0, ,50.7, ,49.94, ,2
51.5, ,48.5, ,49.49, ,2
80.1, ,78.0, ,75.92, ,3
75.0, ,70.9, ,71.07, ,2
62.0, ,58.3, ,59.22, ,2
52.9, ,50.7, ,50.79, ,2
46.0, ,43.5, ,44.22, ,2
58.5, ,56.5, ,56.04, ,2
80.0, ,78.1, ,75.72, ,3
74.3, ,69.7, ,70.83, ,2
65.0, ,61.0, ,62.24, ,1
65.7, ,60.4, ,62.7, ,1
59.3, ,56.0, ,56.94, ,2
55.0, ,54.5, ,52.73, ,3
68.3, ,64.1, ,65.02, ,2
75.5, ,73.7, ,71.77, ,3
51.8, ,49.6, ,49.64, ,2
57.8, ,56.2, ,55.35, ,2
73.0, ,70.0, ,69.14, ,2
54.7, ,52.0, ,52.55, ,2
70.0, ,65.8, ,66.85, ,2
58.0, ,55.9, ,55.63, ,2
82.5, ,79.8, ,78.12, ,3
58.7, ,54.5, ,56.19, ,1
60.4, ,59.5, ,57.69, ,3
66.5, ,63.7, ,63.39, ,2
63.0, ,61.9, ,60.36, ,3
60.0, ,58.1, ,57.41, ,2
84.5, ,82.0, ,79.92, ,3
54.0, ,50.5, ,51.91, ,1
62.5, ,58.5, ,59.84, ,1
58.2, ,55.7, ,55.83, ,2
74.2, ,71.1, ,70.78, ,2
71.7, ,69.5, ,68.32, ,2
59.6, ,56.6, ,57.13, ,2
54.0, ,50.1, ,51.76, ,1
70.0, ,68.5, ,66.63, ,3
61.9, ,60.9, ,59.33, ,3
49.3, ,46.1, ,47.42, ,1
66.6, ,65.5, ,63.63, ,3
84.1, ,80.3, ,79.78, ,2
69.0, ,65.5, ,65.74, ,2
70.0, ,64.5, ,66.96, ,1
99.9, ,95.5, ,94.54, ,2
70.2, ,67.5, ,66.99, ,2
69.0, ,64.4, ,65.76, ,1
65.0, ,63.4, ,62.14, ,3
62.0, ,58.1, ,59.2, ,2
59.4, ,56.4, ,57.01, ,2
94.0, ,88.5, ,88.93, ,2
63.8, ,59.3, ,61.05, ,1
98.5, ,92.7, ,93.17, ,2
58.2, ,55.0, ,55.73, ,2
65.2, ,62.0, ,62.44, ,2
63.5, ,59.5, ,60.55, ,2
64.0, ,60.9, ,61.08, ,2
71.0, ,67.7, ,67.71, ,2
73.0, ,69.2, ,69.44, ,2
48.4, ,47.3, ,46.44, ,2
65.1, ,62.8, ,62.11, ,2
53.3, ,51.0, ,51.28, ,2
63.6, ,60.8, ,60.86, ,2
73.5, ,71.1, ,69.75, ,3
80.7, ,75.5, ,76.42, ,2
78.1, ,73.2, ,73.93, ,2
80.0, ,74.2, ,75.91, ,1
64.2, ,61.4, ,61.35, ,2
71.0, ,69.0, ,67.82, ,2
69.5, ,65.0, ,66.36, ,1
68.8, ,64.0, ,65.75, ,1
93.5, ,91.0, ,88.46, ,3
55.6, ,53.8, ,53.5, ,2
107.2, ,101.3, ,101.37, ,2
65.0, ,63.0, ,62.08, ,2
66.6, ,62.6, ,63.77, ,2
60.0, ,59.0, ,57.4, ,3
80.8, ,76.0, ,76.47, ,2
53.0, ,50.0, ,50.95, ,2
68.5, ,65.4, ,65.43, ,2
57.2, ,54.3, ,54.88, ,2
59.0, ,55.8, ,56.53, ,2
58.3, ,57.4, ,55.9, ,3
59.2, ,57.5, ,56.72, ,2
73.0, ,69.0, ,69.53, ,2
62.6, ,61.6, ,59.89, ,3
64.0, ,58.8, ,60.97, ,1
60.0, ,59.0, ,57.59, ,3
67.1, ,65.8, ,64.03, ,3
60.5, ,59.9, ,57.82, ,3
54.7, ,52.0, ,52.31, ,2
53.5, ,53.3, ,51.45, ,3
67.0, ,65.9, ,64.0, ,3
85.6, ,81.3, ,81.1, ,2
57.6, ,56.6, ,55.3, ,3
105.8, ,98.9, ,100.07, ,2
62.5, ,59.7, ,59.96, ,2
61.2, ,58.6, ,58.66, ,2
77.1, ,74.0, ,73.47, ,2
90.5, ,85.3, ,85.68, ,2
49.0, ,47.4, ,47.12, ,2
69.5, ,66.1, ,66.1, ,2
79.9, ,76.0, ,75.61, ,2
56.7, ,53.6, ,54.33, ,2
60.0, ,58.0, ,57.48, ,2
59.2, ,56.2, ,56.71, ,2
62.0, ,60.5, ,59.52, ,2
80.2, ,75.0, ,76.12, ,2
57.3, ,55.3, ,54.93, ,2
56.5, ,54.2, ,54.15, ,2
64.0, ,60.2, ,60.89, ,2
72.7, ,71.9, ,69.19, ,3
61.2, ,58.4, ,58.51, ,2
64.2, ,60.8, ,61.27, ,2
56.3, ,53.9, ,54.14, ,2
59.0, ,56.3, ,56.51, ,2
66.0, ,63.3, ,63.01, ,2
84.2, ,82.0, ,79.66, ,3
55.2, ,54.4, ,53.08, ,3
66.6, ,64.8, ,63.55, ,3
43.6, ,42.6, ,42.01, ,2
67.0, ,63.3, ,64.05, ,2
61.0, ,58.7, ,58.45, ,2
51.2, ,49.8, ,49.26, ,2
55.3, ,53.2, ,52.99, ,2
60.9, ,58.0, ,58.23, ,2
73.7, ,70.3, ,69.97, ,2
66.0, ,65.0, ,63.04, ,3
71.4, ,68.3, ,67.84, ,2
61.5, ,56.5, ,58.88, ,1
57.5, ,55.0, ,55.04, ,2
